SNo,Date,Country/Region,Confirmed,Deaths,Recovered
1,1/22/20,China,1,0,0
2,1/22/20,China,14,0,0
3,1/22/20,China,6,0,0
4,1/22/20,China,1,0,0
5,1/22/20,China,0,0,0
6,1/22/20,China,26,0,0
7,1/22/20,China,2,0,0
8,1/22/20,China,1,0,0
9,1/22/20,China,4,0,0
10,1/22/20,China,1,0,0
11,1/22/20,China,0,0,0
12,1/22/20,China,5,0,0
13,1/22/20,Hong Kong,0,0,0
14,1/22/20,China,444,17,28
15,1/22/20,China,4,0,0
16,1/22/20,China,0,0,0
17,1/22/20,China,1,0,0
18,1/22/20,China,2,0,0
19,1/22/20,China,0,0,0
20,1/22/20,China,2,0,0
21,1/22/20,Macau,1,0,0
22,1/22/20,China,1,0,0
23,1/22/20,China,0,0,0
24,1/22/20,China,0,0,0
25,1/22/20,China,2,0,0
26,1/22/20,China,9,0,0
27,1/22/20,China,1,0,0
28,1/22/20,China,5,0,0
29,1/22/20,Taiwan,1,0,0
30,1/22/20,China,4,0,0
31,1/22/20,China,0,0,0
32,1/22/20,US,1,0,0
33,1/22/20,China,0,0,0
34,1/22/20,China,1,0,0
35,1/22/20,China,10,0,0
36,1/22/20,Japan,2,0,0
37,1/22/20,Thailand,2,0,0
38,1/22/20,South Korea,1,0,0
39,1/23/20,China,9,0,0
40,1/23/20,China,22,0,0
41,1/23/20,China,9,0,0
42,1/23/20,China,5,0,0
43,1/23/20,China,2,0,0
44,1/23/20,China,32,0,2
45,1/23/20,China,5,0,0
46,1/23/20,China,3,0,0
47,1/23/20,China,5,0,0
48,1/23/20,China,1,1,0
49,1/23/20,China,2,0,0
50,1/23/20,China,5,0,0
51,1/23/20,Hong Kong,2,0,0
52,1/23/20,China,444,17,28
53,1/23/20,China,9,0,0
54,1/23/20,China,0,0,0
55,1/23/20,China,5,0,0
56,1/23/20,China,7,0,0
57,1/23/20,China,1,0,0
58,1/23/20,China,3,0,0
59,1/23/20,Macau,2,0,0
60,1/23/20,China,1,0,0
61,1/23/20,China,0,0,0
62,1/23/20,China,3,0,0
63,1/23/20,China,6,0,0
64,1/23/20,China,16,0,0
65,1/23/20,China,1,0,0
66,1/23/20,China,8,0,0
67,1/23/20,Taiwan,1,0,0
68,1/23/20,China,4,0,0
69,1/23/20,China,0,0,0
70,1/23/20,US,1,0,0
71,1/23/20,China,2,0,0
72,1/23/20,China,2,0,0
73,1/23/20,China,27,0,0
74,1/23/20,Japan,1,0,0
75,1/23/20,Thailand,3,0,0
76,1/23/20,South Korea,1,0,0
77,1/23/20,Singapore,1,0,0
78,1/23/20,Philippines,0,0,0
79,1/23/20,Malaysia,0,0,0
80,1/23/20,Vietnam,2,0,0
81,1/23/20,Australia,0,0,0
82,1/23/20,Mexico,0,0,0
83,1/23/20,Brazil,0,0,0
84,1/23/20,Colombia,0,0,0
85,1/24/20,China,549,24,31
86,1/24/20,China,53,0,2
87,1/24/20,China,43,0,1
88,1/24/20,China,36,0,1
89,1/24/20,China,27,0,0
90,1/24/20,China,24,0,0
91,1/24/20,China,23,0,0
92,1/24/20,China,20,0,1
93,1/24/20,China,18,0,0
94,1/24/20,China,15,0,0
95,1/24/20,China,15,0,0
96,1/24/20,China,15,0,0
97,1/24/20,China,10,0,0
98,1/24/20,China,9,0,0
99,1/24/20,China,9,0,0
100,1/24/20,China,8,0,0
101,1/24/20,China,8,0,0
102,1/24/20,China,5,0,0
103,1/24/20,China,5,0,0
104,1/24/20,China,4,1,0
105,1/24/20,China,4,0,0
106,1/24/20,China,3,0,0
107,1/24/20,China,3,0,0
108,1/24/20,Taiwan,3,0,0
109,1/24/20,China,2,0,0
110,1/24/20,Hong Kong,2,0,0
111,1/24/20,Macau,2,0,0
112,1/24/20,China,2,1,0
113,1/24/20,China,2,0,0
114,1/24/20,China,2,0,0
115,1/24/20,China,1,0,0
116,1/24/20,China,1,0,0
117,1/24/20,China,0,0,0
118,1/24/20,US,1,0,0
119,1/24/20,US,1,0,0
120,1/24/20,Japan,2,0,0
121,1/24/20,Thailand,5,0,0
122,1/24/20,South Korea,2,0,0
123,1/24/20,Singapore,3,0,0
124,1/24/20,Vietnam,2,0,0
125,1/24/20,France,2,0,0
126,1/25/20,China,761,40,32
127,1/25/20,China,78,0,2
128,1/25/20,China,62,0,1
129,1/25/20,China,57,0,0
130,1/25/20,China,43,0,0
131,1/25/20,China,41,0,2
132,1/25/20,China,39,0,0
133,1/25/20,China,33,0,1
134,1/25/20,China,32,0,0
135,1/25/20,China,28,0,0
136,1/25/20,China,27,0,0
137,1/25/20,China,23,0,0
138,1/25/20,China,19,0,0
139,1/25/20,China,18,0,0
140,1/25/20,China,18,0,0
141,1/25/20,China,18,0,1
142,1/25/20,China,17,0,0
143,1/25/20,China,15,0,0
144,1/25/20,China,11,0,0
145,1/25/20,China,10,0,0
146,1/25/20,China,9,1,0
147,1/25/20,China,8,1,0
148,1/25/20,China,7,0,0
149,1/25/20,China,6,0,0
150,1/25/20,Hong Kong,5,0,0
151,1/25/20,China,4,0,0
152,1/25/20,China,4,0,0
153,1/25/20,China,4,0,0
154,1/25/20,China,3,0,0
155,1/25/20,Taiwan,3,0,0
156,1/25/20,China,3,0,0
157,1/25/20,Macau,2,0,0
158,1/25/20,China,1,0,0
159,1/25/20,US,1,0,0
160,1/25/20,US,1,0,0
161,1/25/20,Japan,2,0,0
162,1/25/20,Thailand,7,0,0
163,1/25/20,South Korea,2,0,0
164,1/25/20,Singapore,3,0,0
165,1/25/20,Vietnam,2,0,0
166,1/25/20,France,3,0,0
167,1/25/20,Australia,4,0,0
168,1/25/20,Nepal,1,0,0
169,1/25/20,Malaysia,3,0,0
170,1/26/20,China,1058,52,42
171,1/26/20,China,111,0,2
172,1/26/20,China,104,0,1
173,1/26/20,China,83,1,0
174,1/26/20,China,75,0,0
175,1/26/20,China,69,0,0
176,1/26/20,China,68,0,2
177,1/26/20,China,60,0,0
178,1/26/20,China,46,0,0
179,1/26/20,China,44,0,0
180,1/26/20,China,40,1,1
181,1/26/20,China,36,0,0
182,1/26/20,China,36,0,0
183,1/26/20,China,35,0,0
184,1/26/20,China,33,0,1
185,1/26/20,China,22,0,0
186,1/26/20,China,22,0,0
187,1/26/20,China,21,0,0
188,1/26/20,China,16,0,0
189,1/26/20,China,15,1,0
190,1/26/20,China,14,0,0
191,1/26/20,China,13,1,0
192,1/26/20,China,9,0,0
193,1/26/20,Hong Kong,8,0,0
194,1/26/20,China,7,0,0
195,1/26/20,China,7,0,0
196,1/26/20,China,5,0,0
197,1/26/20,Macau,5,0,0
198,1/26/20,China,4,0,0
199,1/26/20,China,4,0,0
200,1/26/20,Taiwan,4,0,0
201,1/26/20,China,4,0,0
202,1/26/20,China,1,0,0
203,1/26/20,US,1,0,0
204,1/26/20,US,1,0,0
205,1/26/20,US,2,0,0
206,1/26/20,US,1,0,0
207,1/26/20,Japan,4,0,1
208,1/26/20,Thailand,8,0,2
209,1/26/20,South Korea,3,0,0
210,1/26/20,Singapore,4,0,0
211,1/26/20,Vietnam,2,0,0
212,1/26/20,France,3,0,0
213,1/26/20,Australia,4,0,0
214,1/26/20,Nepal,1,0,0
215,1/26/20,Malaysia,4,0,0
216,1/26/20,Canada,1,0,0
217,1/27/20,China,1423,76,45
218,1/27/20,China,151,0,4
219,1/27/20,China,128,0,1
220,1/27/20,China,128,1,0
221,1/27/20,China,110,0,0
222,1/27/20,China,100,0,0
223,1/27/20,China,80,1,2
224,1/27/20,China,75,0,0
225,1/27/20,China,72,0,2
226,1/27/20,China,70,0,0
227,1/27/20,China,69,0,0
228,1/27/20,China,59,0,0
229,1/27/20,China,53,1,3
230,1/27/20,China,47,0,1
231,1/27/20,China,46,0,0
232,1/27/20,China,35,0,0
233,1/27/20,China,33,1,0
234,1/27/20,China,27,0,0
235,1/27/20,China,26,0,0
236,1/27/20,China,23,0,0
237,1/27/20,China,21,1,0
238,1/27/20,China,18,1,0
239,1/27/20,China,14,0,0
240,1/27/20,China,13,0,0
241,1/27/20,China,11,0,0
242,1/27/20,Hong Kong,8,0,0
243,1/27/20,China,7,0,0
244,1/27/20,China,7,0,0
245,1/27/20,China,6,0,0
246,1/27/20,Macau,6,0,0
247,1/27/20,China,6,0,0
248,1/27/20,Taiwan,5,0,0
249,1/27/20,China,5,0,0
250,1/27/20,US,1,0,0
251,1/27/20,US,1,0,0
252,1/27/20,US,2,0,0
253,1/27/20,US,1,0,0
254,1/27/20,Japan,4,0,1
255,1/27/20,Thailand,8,0,2
256,1/27/20,South Korea,4,0,0
257,1/27/20,Singapore,5,0,0
258,1/27/20,Vietnam,2,0,0
259,1/27/20,France,3,0,0
260,1/27/20,Nepal,1,0,0
261,1/27/20,Malaysia,4,0,0
262,1/27/20,Canada,1,0,0
263,1/27/20,Cambodia,1,0,0
264,1/27/20,Sri Lanka,1,0,0
265,1/27/20,Ivory Coast,1,0,0
266,1/27/20,Australia,4,0,0
267,1/27/20,Australia,1,0,0
268,1/28/20,China,3554,125,80
269,1/28/20,China,207,0,4
270,1/28/20,China,173,0,3
271,1/28/20,China,168,1,0
272,1/28/20,China,143,0,0
273,1/28/20,China,132,0,0
274,1/28/20,China,109,0,3
275,1/28/20,China,106,0,0
276,1/28/20,China,95,0,0
277,1/28/20,China,91,1,4
278,1/28/20,China,90,0,0
279,1/28/20,China,80,0,0
280,1/28/20,China,70,0,1
281,1/28/20,China,66,1,4
282,1/28/20,China,51,0,2
283,1/28/20,China,46,0,0
284,1/28/20,China,44,0,0
285,1/28/20,China,40,1,0
286,1/28/20,China,34,0,0
287,1/28/20,China,33,1,0
288,1/28/20,China,33,1,0
289,1/28/20,China,27,0,0
290,1/28/20,China,24,0,0
291,1/28/20,China,19,0,0
292,1/28/20,China,15,0,0
293,1/28/20,China,11,0,0
294,1/28/20,China,10,0,0
295,1/28/20,China,9,0,0
296,1/28/20,China,8,0,0
297,1/28/20,Taiwan,8,0,0
298,1/28/20,Hong Kong,8,0,0
299,1/28/20,Macau,7,0,0
300,1/28/20,China,6,0,0
301,1/28/20,US,1,0,0
302,1/28/20,US,1,0,0
303,1/28/20,US,2,0,0
304,1/28/20,US,1,0,0
305,1/28/20,Japan,7,0,1
306,1/28/20,Thailand,14,0,5
307,1/28/20,South Korea,4,0,0
308,1/28/20,Singapore,7,0,0
309,1/28/20,Vietnam,2,0,0
310,1/28/20,France,4,0,0
311,1/28/20,Nepal,1,0,0
312,1/28/20,Malaysia,4,0,0
313,1/28/20,Canada,1,0,0
314,1/28/20,Canada,1,0,0
315,1/28/20,Cambodia,1,0,0
316,1/28/20,Sri Lanka,1,0,0
317,1/28/20,Australia,4,0,0
318,1/28/20,Australia,1,0,0
319,1/28/20,Germany,4,0,0
320,1/29/20,China,3554,125,88
321,1/29/20,China,296,0,3
322,1/29/20,China,277,0,5
323,1/29/20,China,221,0,0
324,1/29/20,China,206,2,1
325,1/29/20,China,152,0,2
326,1/29/20,China,147,0,1
327,1/29/20,China,130,0,1
328,1/29/20,China,111,1,4
329,1/29/20,China,109,0,3
330,1/29/20,China,108,1,1
331,1/29/20,China,99,0,1
332,1/29/20,China,96,1,5
333,1/29/20,China,84,0,0
334,1/29/20,China,58,0,2
335,1/29/20,China,56,0,0
336,1/29/20,China,55,0,0
337,1/29/20,China,48,1,0
338,1/29/20,China,43,1,0
339,1/29/20,China,39,0,1
340,1/29/20,China,38,1,0
341,1/29/20,China,27,0,0
342,1/29/20,China,27,0,1
343,1/29/20,China,24,0,0
344,1/29/20,China,16,0,0
345,1/29/20,China,13,0,0
346,1/29/20,China,12,0,0
347,1/29/20,Hong Kong,10,0,0
348,1/29/20,China,9,0,1
349,1/29/20,China,9,0,0
350,1/29/20,Taiwan,8,0,0
351,1/29/20,Macau,7,0,0
352,1/29/20,China,6,0,0
353,1/29/20,US,1,0,0
354,1/29/20,US,1,0,0
355,1/29/20,US,2,0,0
356,1/29/20,US,1,0,0
357,1/29/20,Japan,7,0,1
358,1/29/20,Thailand,14,0,5
359,1/29/20,South Korea,4,0,0
360,1/29/20,Singapore,7,0,0
361,1/29/20,Vietnam,2,0,0
362,1/29/20,France,5,0,0
363,1/29/20,Nepal,1,0,0
364,1/29/20,Malaysia,7,0,0
365,1/29/20,Canada,1,0,0
366,1/29/20,Canada,1,0,0
367,1/29/20,Cambodia,1,0,0
368,1/29/20,Sri Lanka,1,0,0
369,1/29/20,Australia,4,0,0
370,1/29/20,Australia,1,0,0
371,1/29/20,Germany,4,0,0
372,1/29/20,Finland,1,0,0
373,1/29/20,United Arab Emirates,4,0,0
374,1/30/20,China,4903,162,90
375,1/30/20,China,428,0,4
376,1/30/20,China,354,0,10
377,1/30/20,China,278,2,2
378,1/30/20,China,277,0,2
379,1/30/20,China,200,0,2
380,1/30/20,China,182,0,1
381,1/30/20,China,162,0,5
382,1/30/20,China,158,0,1
383,1/30/20,China,142,1,1
384,1/30/20,China,129,0,1
385,1/30/20,China,114,1,4
386,1/30/20,China,112,1,5
387,1/30/20,China,101,0,0
388,1/30/20,China,78,0,2
389,1/30/20,China,70,0,0
390,1/30/20,China,65,1,0
391,1/30/20,China,63,0,0
392,1/30/20,China,46,1,1
393,1/30/20,China,44,2,0
394,1/30/20,China,41,0,1
395,1/30/20,China,35,0,1
396,1/30/20,China,31,0,0
397,1/30/20,China,26,0,0
398,1/30/20,China,19,0,0
399,1/30/20,China,17,0,0
400,1/30/20,China,14,0,1
401,1/30/20,China,14,0,0
402,1/30/20,China,12,0,1
403,1/30/20,Hong Kong,10,0,0
404,1/30/20,Taiwan,9,0,0
405,1/30/20,China,8,0,0
406,1/30/20,Macau,7,0,0
407,1/30/20,China,1,0,0
408,1/30/20,US,1,0,0
409,1/30/20,US,1,0,0
410,1/30/20,US,2,0,0
411,1/30/20,US,1,0,0
412,1/30/20,Japan,11,0,1
413,1/30/20,Thailand,14,0,5
414,1/30/20,South Korea,4,0,0
415,1/30/20,Singapore,10,0,0
416,1/30/20,Vietnam,2,0,0
417,1/30/20,France,5,0,0
418,1/30/20,Nepal,1,0,0
419,1/30/20,Malaysia,8,0,0
420,1/30/20,Canada,2,0,0
421,1/30/20,Canada,1,0,0
422,1/30/20,Cambodia,1,0,0
423,1/30/20,Sri Lanka,1,0,0
424,1/30/20,Australia,4,0,2
425,1/30/20,Australia,2,0,0
426,1/30/20,Australia,3,0,0
427,1/30/20,Germany,4,0,0
428,1/30/20,Finland,1,0,0
429,1/30/20,United Arab Emirates,4,0,0
430,1/30/20,Philippines,1,0,0
431,1/30/20,India,1,0,0
432,1/31/20,China,5806,204,141
433,1/31/20,China,538,0,14
434,1/31/20,China,436,0,11
435,1/31/20,China,352,2,3
436,1/31/20,China,332,0,2
437,1/31/20,China,240,0,7
438,1/31/20,China,237,0,3
439,1/31/20,China,211,0,1
440,1/31/20,China,184,0,2
441,1/31/20,China,177,1,1
442,1/31/20,China,168,0,5
443,1/31/20,China,139,1,5
444,1/31/20,China,135,1,9
445,1/31/20,China,120,0,0
446,1/31/20,China,87,0,2
447,1/31/20,China,87,0,0
448,1/31/20,China,83,0,1
449,1/31/20,China,82,1,0
450,1/31/20,China,59,2,0
451,1/31/20,China,52,1,1
452,1/31/20,China,48,0,1
453,1/31/20,China,39,0,1
454,1/31/20,China,32,0,0
455,1/31/20,China,29,0,2
456,1/31/20,China,29,0,0
457,1/31/20,China,21,0,0
458,1/31/20,China,20,0,1
459,1/31/20,China,17,0,0
460,1/31/20,China,14,0,1
461,1/31/20,Hong Kong,12,0,0
462,1/31/20,Taiwan,10,0,0
463,1/31/20,China,8,0,0
464,1/31/20,Macau,7,0,0
465,1/31/20,China,1,0,0
466,1/31/20,Thailand,19,0,5
467,1/31/20,Japan,15,0,1
468,1/31/20,Singapore,13,0,0
469,1/31/20,South Korea,11,0,0
470,1/31/20,Malaysia,8,0,0
471,1/31/20,France,5,0,0
472,1/31/20,Germany,5,0,0
473,1/31/20,Australia,4,0,2
474,1/31/20,United Arab Emirates,4,0,0
475,1/31/20,Australia,3,0,0
476,1/31/20,US,2,0,0
477,1/31/20,US,2,0,0
478,1/31/20,Vietnam,2,0,0
479,1/31/20,Canada,2,0,0
480,1/31/20,Australia,2,0,0
481,1/31/20,Italy,2,0,0
482,1/31/20,UK,2,0,0
483,1/31/20,Russia,2,0,0
484,1/31/20,US,1,0,0
485,1/31/20,US,1,0,0
486,1/31/20,Nepal,1,0,0
487,1/31/20,Canada,1,0,0
488,1/31/20,Cambodia,1,0,0
489,1/31/20,Sri Lanka,1,0,0
490,1/31/20,Finland,1,0,0
491,1/31/20,Philippines,1,0,0
492,1/31/20,India,1,0,0
493,1/31/20,Sweden,1,0,0
494,2/1/20,China,7153,249,168
495,2/1/20,China,599,0,21
496,2/1/20,China,535,0,14
497,2/1/20,China,422,2,3
498,2/1/20,China,389,0,8
499,2/1/20,China,297,0,5
500,2/1/20,China,286,0,9
501,2/1/20,China,247,1,3
502,2/1/20,China,207,1,3
503,2/1/20,China,206,0,3
504,2/1/20,China,202,0,6
505,2/1/20,China,169,1,10
506,2/1/20,China,168,1,9
507,2/1/20,China,144,0,0
508,2/1/20,China,101,0,0
509,2/1/20,China,100,0,2
510,2/1/20,China,96,1,0
511,2/1/20,China,93,0,2
512,2/1/20,China,80,2,2
513,2/1/20,China,64,0,1
514,2/1/20,China,62,1,1
515,2/1/20,China,47,0,1
516,2/1/20,China,41,0,0
517,2/1/20,China,40,0,0
518,2/1/20,China,29,0,2
519,2/1/20,China,26,0,0
520,2/1/20,China,23,0,1
521,2/1/20,Japan,20,0,1
522,2/1/20,Thailand,19,0,5
523,2/1/20,China,18,0,0
524,2/1/20,China,17,0,1
525,2/1/20,Singapore,16,0,0
526,2/1/20,Hong Kong,13,0,0
527,2/1/20,South Korea,12,0,0
528,2/1/20,Taiwan,10,0,0
529,2/1/20,China,9,0,0
530,2/1/20,Malaysia,8,0,0
531,2/1/20,Germany,8,0,0
532,2/1/20,Macau,7,0,0
533,2/1/20,France,6,0,0
534,2/1/20,Vietnam,6,0,1
535,2/1/20,Australia,4,0,2
536,2/1/20,Australia,4,0,0
537,2/1/20,United Arab Emirates,4,0,0
538,2/1/20,Australia,3,0,0
539,2/1/20,Canada,3,0,0
540,2/1/20,Italy,2,0,0
541,2/1/20,Russia,2,0,0
542,2/1/20,UK,2,0,0
543,2/1/20,US,2,0,0
544,2/1/20,Australia,1,0,0
545,2/1/20,Cambodia,1,0,0
546,2/1/20,Canada,1,0,0
547,2/1/20,Finland,1,0,0
548,2/1/20,India,1,0,0
549,2/1/20,China,1,0,0
550,2/1/20,Nepal,1,0,0
551,2/1/20,Philippines,1,0,0
552,2/1/20,Spain,1,0,0
553,2/1/20,Sri Lanka,1,0,0
554,2/1/20,Sweden,1,0,0
555,2/1/20,US,1,0,0
556,2/1/20,US,1,0,0
557,2/1/20,US,1,0,0
558,2/1/20,US,1,0,0
559,2/1/20,US,1,0,0
560,2/1/20,US,1,0,0
561,2/2/20,China,11177,350,295
562,2/2/20,China,661,0,32
563,2/2/20,China,632,0,15
564,2/2/20,China,493,2,10
565,2/2/20,China,463,0,16
566,2/2/20,China,340,0,7
567,2/2/20,China,333,0,12
568,2/2/20,China,300,2,7
569,2/2/20,China,236,0,7
570,2/2/20,China,231,1,11
571,2/2/20,China,230,0,6
572,2/2/20,China,191,1,9
573,2/2/20,China,182,1,10
574,2/2/20,China,159,0,0
575,2/2/20,China,116,0,0
576,2/2/20,China,111,0,2
577,2/2/20,China,105,0,3
578,2/2/20,China,104,1,3
579,2/2/20,China,95,2,2
580,2/2/20,China,70,0,1
581,2/2/20,China,66,0,3
582,2/2/20,China,64,1,4
583,2/2/20,China,51,0,3
584,2/2/20,China,48,0,1
585,2/2/20,China,38,0,2
586,2/2/20,China,28,0,0
587,2/2/20,China,27,0,1
588,2/2/20,China,23,0,1
589,2/2/20,China,21,0,0
590,2/2/20,Japan,20,0,1
591,2/2/20,Thailand,19,0,5
592,2/2/20,Singapore,18,0,0
593,2/2/20,Hong Kong,15,0,0
594,2/2/20,South Korea,15,0,0
595,2/2/20,China,11,0,0
596,2/2/20,Germany,10,0,0
597,2/2/20,Taiwan,10,0,0
598,2/2/20,Macau,8,0,0
599,2/2/20,Malaysia,8,0,0
600,2/2/20,France,6,0,0
601,2/2/20,Vietnam,6,0,1
602,2/2/20,United Arab Emirates,5,0,0
603,2/2/20,Australia,4,0,2
604,2/2/20,Australia,4,0,0
605,2/2/20,Canada,3,0,0
606,2/2/20,Australia,2,0,0
607,2/2/20,Australia,2,0,0
608,2/2/20,India,2,0,0
609,2/2/20,Italy,2,0,0
610,2/2/20,Philippines,2,1,0
611,2/2/20,Russia,2,0,0
612,2/2/20,UK,2,0,0
613,2/2/20,US,2,0,0
614,2/2/20,Cambodia,1,0,0
615,2/2/20,Canada,1,0,0
616,2/2/20,Finland,1,0,0
617,2/2/20,China,1,0,0
618,2/2/20,Nepal,1,0,0
619,2/2/20,Spain,1,0,0
620,2/2/20,Sri Lanka,1,0,0
621,2/2/20,Sweden,1,0,0
622,2/2/20,US,1,0,0
623,2/2/20,US,1,0,0
624,2/2/20,US,1,0,0
625,2/2/20,US,1,0,0
626,2/2/20,US,1,0,0
627,2/2/20,US,1,0,0
628,2/3/20,China,13522,414,386
629,2/3/20,China,725,0,21
630,2/3/20,China,724,0,43
631,2/3/20,China,566,2,16
632,2/3/20,China,521,0,22
633,2/3/20,China,408,0,14
634,2/3/20,China,391,0,18
635,2/3/20,China,337,2,9
636,2/3/20,China,271,0,8
637,2/3/20,China,259,0,7
638,2/3/20,China,254,1,14
639,2/3/20,China,212,1,12
640,2/3/20,China,203,1,10
641,2/3/20,China,179,0,1
642,2/3/20,China,128,0,0
643,2/3/20,China,127,0,7
644,2/3/20,China,121,2,2
645,2/3/20,China,117,0,5
646,2/3/20,China,113,1,3
647,2/3/20,China,74,0,1
648,2/3/20,China,74,0,2
649,2/3/20,China,72,1,4
650,2/3/20,China,60,0,1
651,2/3/20,China,55,0,3
652,2/3/20,China,46,0,2
653,2/3/20,China,34,0,1
654,2/3/20,China,31,0,1
655,2/3/20,China,31,0,1
656,2/3/20,China,24,0,0
657,2/3/20,Japan,20,0,1
658,2/3/20,Thailand,19,0,5
659,2/3/20,Singapore,18,0,0
660,2/3/20,Hong Kong,15,0,0
661,2/3/20,South Korea,15,0,0
662,2/3/20,China,13,0,0
663,2/3/20,Germany,12,0,0
664,2/3/20,Taiwan,10,0,0
665,2/3/20,Macau,8,0,0
666,2/3/20,Malaysia,8,0,0
667,2/3/20,Vietnam,8,0,1
668,2/3/20,France,6,0,0
669,2/3/20,United Arab Emirates,5,0,0
670,2/3/20,Australia,4,0,2
671,2/3/20,Australia,4,0,0
672,2/3/20,Canada,3,0,0
673,2/3/20,India,3,0,0
674,2/3/20,Australia,2,0,0
675,2/3/20,Australia,2,0,0
676,2/3/20,Italy,2,0,0
677,2/3/20,Philippines,2,1,0
678,2/3/20,Russia,2,0,0
679,2/3/20,UK,2,0,0
680,2/3/20,US,2,0,0
681,2/3/20,US,2,0,0
682,2/3/20,US,2,0,0
683,2/3/20,Cambodia,1,0,0
684,2/3/20,Canada,1,0,0
685,2/3/20,Finland,1,0,0
686,2/3/20,China,1,0,0
687,2/3/20,Nepal,1,0,0
688,2/3/20,Spain,1,0,0
689,2/3/20,Sri Lanka,1,0,0
690,2/3/20,Sweden,1,0,0
691,2/3/20,US,1,0,0
692,2/3/20,US,1,0,0
693,2/3/20,US,1,0,0
694,2/3/20,US,1,0,0
695,2/3/20,US,1,0,0
696,2/4/20,China,16678,479,522
697,2/4/20,China,829,0,62
698,2/4/20,China,813,0,30
699,2/4/20,China,675,2,27
700,2/4/20,China,593,0,31
701,2/4/20,China,480,0,20
702,2/4/20,China,476,0,20
703,2/4/20,China,366,2,9
704,2/4/20,China,308,0,12
705,2/4/20,China,282,1,14
706,2/4/20,China,275,0,11
707,2/4/20,China,228,1,23
708,2/4/20,China,219,1,12
709,2/4/20,China,194,0,3
710,2/4/20,China,155,2,4
711,2/4/20,China,142,0,2
712,2/4/20,China,139,0,10
713,2/4/20,China,126,1,4
714,2/4/20,China,122,0,5
715,2/4/20,China,81,0,2
716,2/4/20,China,81,0,4
717,2/4/20,China,80,1,5
718,2/4/20,China,67,0,2
719,2/4/20,China,58,0,2
720,2/4/20,China,57,0,4
721,2/4/20,China,42,0,1
722,2/4/20,China,35,0,1
723,2/4/20,China,34,0,1
724,2/4/20,China,29,0,0
725,2/4/20,Thailand,25,0,5
726,2/4/20,Singapore,24,0,0
727,2/4/20,Japan,22,0,1
728,2/4/20,Hong Kong,17,1,0
729,2/4/20,South Korea,16,0,0
730,2/4/20,China,15,0,0
731,2/4/20,Germany,12,0,0
732,2/4/20,Taiwan,11,0,0
733,2/4/20,Macau,10,0,0
734,2/4/20,Malaysia,10,0,0
735,2/4/20,Vietnam,8,0,1
736,2/4/20,France,6,0,0
737,2/4/20,United Arab Emirates,5,0,0
738,2/4/20,Australia,4,0,2
739,2/4/20,Australia,4,0,0
740,2/4/20,Australia,3,0,0
741,2/4/20,India,3,0,0
742,2/4/20,Australia,2,0,0
743,2/4/20,Canada,2,0,0
744,2/4/20,Italy,2,0,0
745,2/4/20,Philippines,2,1,0
746,2/4/20,Russia,2,0,0
747,2/4/20,UK,2,0,0
748,2/4/20,US,2,0,0
749,2/4/20,US,2,0,0
750,2/4/20,US,2,0,0
751,2/4/20,Belgium,1,0,0
752,2/4/20,Cambodia,1,0,0
753,2/4/20,Canada,1,0,0
754,2/4/20,Canada,1,0,0
755,2/4/20,Finland,1,0,0
756,2/4/20,China,1,0,0
757,2/4/20,Nepal,1,0,0
758,2/4/20,Spain,1,0,0
759,2/4/20,Sri Lanka,1,0,0
760,2/4/20,Sweden,1,0,0
761,2/4/20,US,1,0,0
762,2/4/20,US,1,0,0
763,2/4/20,US,1,0,0
764,2/4/20,US,1,0,0
765,2/4/20,US,1,0,0
766,2/5/20,China,19665,549,633
767,2/5/20,China,895,0,49
768,2/5/20,China,895,0,78
769,2/5/20,China,764,2,47
770,2/5/20,China,661,0,54
771,2/5/20,China,548,0,27
772,2/5/20,China,530,0,23
773,2/5/20,China,389,2,15
774,2/5/20,China,341,0,23
775,2/5/20,China,307,0,15
776,2/5/20,China,301,1,24
777,2/5/20,China,253,1,24
778,2/5/20,China,243,1,15
779,2/5/20,China,205,0,11
780,2/5/20,China,190,2,7
781,2/5/20,China,165,0,6
782,2/5/20,China,150,0,13
783,2/5/20,China,135,1,6
784,2/5/20,China,128,0,5
785,2/5/20,China,99,1,5
786,2/5/20,China,89,0,4
787,2/5/20,China,81,0,5
788,2/5/20,China,69,1,2
789,2/5/20,China,64,1,9
790,2/5/20,China,62,0,6
791,2/5/20,China,54,0,2
792,2/5/20,China,42,0,3
793,2/5/20,China,34,0,1
794,2/5/20,China,32,0,0
795,2/5/20,Singapore,28,0,0
796,2/5/20,Thailand,25,0,5
797,2/5/20,Japan,22,0,1
798,2/5/20,Hong Kong,21,1,0
799,2/5/20,South Korea,19,0,0
800,2/5/20,China,17,0,3
801,2/5/20,Germany,12,0,0
802,2/5/20,Malaysia,12,0,0
803,2/5/20,Taiwan,11,0,0
804,2/5/20,Macau,10,0,0
805,2/5/20,Vietnam,8,0,1
806,2/5/20,France,6,0,0
807,2/5/20,United Arab Emirates,5,0,0
808,2/5/20,Australia,4,0,2
809,2/5/20,Australia,4,0,0
810,2/5/20,Australia,3,0,0
811,2/5/20,India,3,0,0
812,2/5/20,Australia,2,0,0
813,2/5/20,Canada,2,0,0
814,2/5/20,Canada,2,0,0
815,2/5/20,Italy,2,0,0
816,2/5/20,Philippines,2,1,0
817,2/5/20,Russia,2,0,0
818,2/5/20,UK,2,0,0
819,2/5/20,US,2,0,0
820,2/5/20,US,2,0,0
821,2/5/20,US,2,0,0
822,2/5/20,Belgium,1,0,0
823,2/5/20,Cambodia,1,0,0
824,2/5/20,Canada,1,0,0
825,2/5/20,Finland,1,0,0
826,2/5/20,China,1,0,0
827,2/5/20,Nepal,1,0,0
828,2/5/20,Spain,1,0,0
829,2/5/20,Sri Lanka,1,0,0
830,2/5/20,Sweden,1,0,0
831,2/5/20,US,1,0,0
832,2/5/20,US,1,0,0
833,2/5/20,US,1,0,0
834,2/5/20,US,1,0,0
835,2/5/20,US,1,0,0
836,2/5/20,US,1,0,0
837,2/6/20,China,22112,618,817
838,2/6/20,China,970,0,69
839,2/6/20,China,954,0,94
840,2/6/20,China,851,2,56
841,2/6/20,China,711,0,81
842,2/6/20,China,600,0,37
843,2/6/20,China,591,0,34
844,2/6/20,China,411,2,24
845,2/6/20,China,373,0,34
846,2/6/20,China,347,0,27
847,2/6/20,China,321,1,31
848,2/6/20,China,274,1,31
849,2/6/20,China,257,1,25
850,2/6/20,China,227,3,8
851,2/6/20,China,215,0,14
852,2/6/20,China,173,0,9
853,2/6/20,China,168,0,14
854,2/6/20,China,157,1,13
855,2/6/20,China,133,0,7
856,2/6/20,China,106,1,8
857,2/6/20,China,96,0,12
858,2/6/20,China,94,0,5
859,2/6/20,China,79,1,2
860,2/6/20,China,71,1,6
861,2/6/20,China,62,0,6
862,2/6/20,China,59,0,4
863,2/6/20,China,46,0,4
864,2/6/20,Japan,45,0,1
865,2/6/20,China,40,0,1
866,2/6/20,China,36,0,0
867,2/6/20,Singapore,28,0,0
868,2/6/20,Thailand,25,0,5
869,2/6/20,Hong Kong,24,1,0
870,2/6/20,South Korea,23,0,0
871,2/6/20,China,18,0,3
872,2/6/20,Taiwan,16,0,1
873,2/6/20,Germany,12,0,0
874,2/6/20,Malaysia,12,0,0
875,2/6/20,Macau,10,0,1
876,2/6/20,Vietnam,10,0,1
877,2/6/20,France,6,0,0
878,2/6/20,United Arab Emirates,5,0,0
879,2/6/20,Australia,4,0,2
880,2/6/20,Australia,4,0,0
881,2/6/20,Australia,4,0,0
882,2/6/20,India,3,0,0
883,2/6/20,Australia,2,0,0
884,2/6/20,Canada,2,0,0
885,2/6/20,Canada,2,0,0
886,2/6/20,Italy,2,0,0
887,2/6/20,Philippines,2,1,0
888,2/6/20,Russia,2,0,0
889,2/6/20,UK,2,0,0
890,2/6/20,US,2,0,0
891,2/6/20,US,2,0,0
892,2/6/20,US,2,0,0
893,2/6/20,Belgium,1,0,0
894,2/6/20,Cambodia,1,0,0
895,2/6/20,Canada,1,0,0
896,2/6/20,Finland,1,0,0
897,2/6/20,China,1,0,0
898,2/6/20,Nepal,1,0,0
899,2/6/20,Spain,1,0,0
900,2/6/20,Sri Lanka,1,0,0
901,2/6/20,Sweden,1,0,0
902,2/6/20,US,1,0,0
903,2/6/20,US,1,0,0
904,2/6/20,US,1,0,0
905,2/6/20,US,1,0,0
906,2/6/20,US,1,0,0
907,2/6/20,US,1,0,0
908,2/7/20,China,24953,699,1115
909,2/7/20,China,1034,1,88
910,2/7/20,China,1006,0,123
911,2/7/20,China,914,3,86
912,2/7/20,China,772,0,112
913,2/7/20,China,665,0,47
914,2/7/20,China,661,0,45
915,2/7/20,China,426,2,31
916,2/7/20,China,408,0,43
917,2/7/20,China,386,0,37
918,2/7/20,China,344,1,42
919,2/7/20,China,297,1,33
920,2/7/20,China,277,3,12
921,2/7/20,China,277,1,30
922,2/7/20,China,224,0,20
923,2/7/20,China,184,0,17
924,2/7/20,China,172,0,17
925,2/7/20,China,172,1,22
926,2/7/20,China,138,0,12
927,2/7/20,China,117,2,10
928,2/7/20,China,104,0,15
929,2/7/20,China,99,0,7
930,2/7/20,China,81,1,6
931,2/7/20,China,81,1,2
932,2/7/20,China,67,0,9
933,2/7/20,China,65,1,4
934,2/7/20,Others,61,0,0
935,2/7/20,China,50,0,5
936,2/7/20,China,43,0,5
937,2/7/20,China,39,0,0
938,2/7/20,Singapore,30,0,0
939,2/7/20,Hong Kong,25,1,0
940,2/7/20,Japan,25,0,1
941,2/7/20,Thailand,25,0,5
942,2/7/20,South Korea,24,0,1
943,2/7/20,China,18,0,3
944,2/7/20,Taiwan,16,0,1
945,2/7/20,Germany,13,0,0
946,2/7/20,Malaysia,12,0,1
947,2/7/20,Macau,10,0,1
948,2/7/20,Vietnam,10,0,1
949,2/7/20,France,6,0,0
950,2/7/20,Australia,5,0,0
951,2/7/20,United Arab Emirates,5,0,0
952,2/7/20,Australia,4,0,2
953,2/7/20,Australia,4,0,0
954,2/7/20,Canada,4,0,0
955,2/7/20,India,3,0,0
956,2/7/20,Italy,3,0,0
957,2/7/20,Philippines,3,1,0
958,2/7/20,UK,3,0,0
959,2/7/20,Australia,2,0,0
960,2/7/20,Canada,2,0,0
961,2/7/20,Russia,2,0,0
962,2/7/20,US,2,0,0
963,2/7/20,US,2,0,0
964,2/7/20,US,2,0,0
965,2/7/20,Belgium,1,0,0
966,2/7/20,Cambodia,1,0,0
967,2/7/20,Canada,1,0,0
968,2/7/20,Finland,1,0,0
969,2/7/20,China,1,0,0
970,2/7/20,Nepal,1,0,0
971,2/7/20,Spain,1,0,0
972,2/7/20,Sri Lanka,1,0,0
973,2/7/20,Sweden,1,0,0
974,2/7/20,US,1,0,0
975,2/7/20,US,1,0,0
976,2/7/20,US,1,0,0
977,2/7/20,US,1,0,0
978,2/7/20,US,1,0,0
979,2/7/20,US,1,0,0
980,2/8/20,China,27100,780,1439
981,2/8/20,China,1095,1,112
982,2/8/20,China,1048,0,175
983,2/8/20,China,981,4,116
984,2/8/20,China,803,1,156
985,2/8/20,China,733,0,59
986,2/8/20,China,698,0,55
987,2/8/20,China,439,0,51
988,2/8/20,China,428,2,39
989,2/8/20,China,416,0,44
990,2/8/20,China,364,1,60
991,2/8/20,China,315,2,34
992,2/8/20,China,295,5,13
993,2/8/20,China,286,1,41
994,2/8/20,China,239,0,24
995,2/8/20,China,195,1,30
996,2/8/20,China,195,0,20
997,2/8/20,China,183,0,17
998,2/8/20,China,138,0,17
999,2/8/20,China,124,2,14
1000,2/8/20,China,115,0,21
1001,2/8/20,China,105,0,8
1002,2/8/20,China,89,1,7
1003,2/8/20,China,88,1,4
1004,2/8/20,China,79,1,12
1005,2/8/20,China,69,1,4
1006,2/8/20,Others,61,0,0
1007,2/8/20,China,52,0,5
1008,2/8/20,China,45,0,15
1009,2/8/20,China,42,0,0
1010,2/8/20,Singapore,33,0,2
1011,2/8/20,Thailand,32,0,10
1012,2/8/20,Hong Kong,26,1,0
1013,2/8/20,Japan,25,0,1
1014,2/8/20,South Korea,24,0,1
1015,2/8/20,China,18,0,3
1016,2/8/20,Taiwan,17,0,1
1017,2/8/20,Malaysia,16,0,1
1018,2/8/20,Germany,13,0,0
1019,2/8/20,Vietnam,13,0,1
1020,2/8/20,France,11,0,0
1021,2/8/20,Macau,10,0,1
1022,2/8/20,United Arab Emirates,7,0,0
1023,2/8/20,Australia,5,0,0
1024,2/8/20,Australia,4,0,2
1025,2/8/20,Australia,4,0,0
1026,2/8/20,Canada,4,0,0
1027,2/8/20,India,3,0,0
1028,2/8/20,Italy,3,0,0
1029,2/8/20,Philippines,3,1,0
1030,2/8/20,UK,3,0,0
1031,2/8/20,Australia,2,0,0
1032,2/8/20,Canada,2,0,0
1033,2/8/20,Russia,2,0,0
1034,2/8/20,US,2,0,0
1035,2/8/20,US,2,0,0
1036,2/8/20,US,2,0,0
1037,2/8/20,Belgium,1,0,0
1038,2/8/20,Cambodia,1,0,0
1039,2/8/20,Canada,1,0,0
1040,2/8/20,Finland,1,0,0
1041,2/8/20,China,1,0,0
1042,2/8/20,Nepal,1,0,0
1043,2/8/20,Spain,1,0,0
1044,2/8/20,Sri Lanka,1,0,1
1045,2/8/20,Sweden,1,0,0
1046,2/8/20,US,1,0,0
1047,2/8/20,US,1,0,0
1048,2/8/20,US,1,0,0
1049,2/8/20,US,1,0,0
1050,2/8/20,US,1,0,0
1051,2/8/20,US,1,0,0
1052,2/9/20,China,29631,871,1795
1053,2/9/20,China,1131,1,141
1054,2/9/20,China,1075,0,201
1055,2/9/20,China,1033,6,153
1056,2/9/20,China,838,1,186
1057,2/9/20,China,779,1,72
1058,2/9/20,China,740,0,73
1059,2/9/20,China,468,2,51
1060,2/9/20,China,468,0,71
1061,2/9/20,China,444,1,63
1062,2/9/20,China,386,1,71
1063,2/9/20,China,326,2,37
1064,2/9/20,China,307,6,14
1065,2/9/20,China,293,1,44
1066,2/9/20,China,250,0,35
1067,2/9/20,China,208,0,25
1068,2/9/20,China,206,2,34
1069,2/9/20,China,195,1,18
1070,2/9/20,China,141,0,18
1071,2/9/20,China,131,3,19
1072,2/9/20,China,119,0,25
1073,2/9/20,China,107,0,12
1074,2/9/20,China,99,1,7
1075,2/9/20,China,91,1,4
1076,2/9/20,China,83,2,16
1077,2/9/20,China,78,1,12
1078,2/9/20,Others,64,0,0
1079,2/9/20,China,54,0,5
1080,2/9/20,China,45,0,13
1081,2/9/20,China,45,0,0
1082,2/9/20,Singapore,40,0,2
1083,2/9/20,Thailand,32,0,10
1084,2/9/20,Hong Kong,29,1,0
1085,2/9/20,Japan,26,0,1
1086,2/9/20,South Korea,25,0,3
1087,2/9/20,China,18,0,3
1088,2/9/20,Taiwan,18,0,1
1089,2/9/20,Malaysia,16,0,1
1090,2/9/20,Germany,14,0,0
1091,2/9/20,Vietnam,13,0,1
1092,2/9/20,France,11,0,0
1093,2/9/20,Macau,10,0,1
1094,2/9/20,United Arab Emirates,7,0,0
1095,2/9/20,Australia,5,0,0
1096,2/9/20,Australia,4,0,2
1097,2/9/20,Australia,4,0,0
1098,2/9/20,Canada,4,0,0
1099,2/9/20,India,3,0,0
1100,2/9/20,Italy,3,0,0
1101,2/9/20,Philippines,3,1,0
1102,2/9/20,UK,3,0,0
1103,2/9/20,Australia,2,0,0
1104,2/9/20,Canada,2,0,0
1105,2/9/20,Russia,2,0,0
1106,2/9/20,Spain,2,0,0
1107,2/9/20,US,2,0,2
1108,2/9/20,US,2,0,0
1109,2/9/20,US,2,0,0
1110,2/9/20,Belgium,1,0,0
1111,2/9/20,Cambodia,1,0,0
1112,2/9/20,Canada,1,0,0
1113,2/9/20,Finland,1,0,0
1114,2/9/20,China,1,0,0
1115,2/9/20,Nepal,1,0,0
1116,2/9/20,Sri Lanka,1,0,1
1117,2/9/20,Sweden,1,0,0
1118,2/9/20,US,1,0,0
1119,2/9/20,US,1,0,0
1120,2/9/20,US,1,0,0
1121,2/9/20,US,1,0,0
1122,2/9/20,US,1,0,1
1123,2/9/20,US,1,0,0
1124,2/10/20,China,31728,974,2222
1125,2/10/20,China,1159,1,167
1126,2/10/20,China,1092,0,242
1127,2/10/20,China,1073,6,191
1128,2/10/20,China,879,1,208
1129,2/10/20,China,830,3,88
1130,2/10/20,China,771,1,105
1131,2/10/20,China,492,0,81
1132,2/10/20,China,486,2,66
1133,2/10/20,China,466,1,66
1134,2/10/20,China,405,1,80
1135,2/10/20,China,337,2,44
1136,2/10/20,China,331,7,30
1137,2/10/20,China,299,1,48
1138,2/10/20,China,261,0,39
1139,2/10/20,China,218,2,41
1140,2/10/20,China,213,0,30
1141,2/10/20,China,210,1,24
1142,2/10/20,China,149,0,19
1143,2/10/20,China,138,3,19
1144,2/10/20,Others,135,0,0
1145,2/10/20,China,119,0,25
1146,2/10/20,China,109,1,10
1147,2/10/20,China,108,0,13
1148,2/10/20,China,95,1,8
1149,2/10/20,China,83,2,17
1150,2/10/20,China,80,1,13
1151,2/10/20,China,58,0,5
1152,2/10/20,China,49,0,13
1153,2/10/20,China,49,0,0
1154,2/10/20,Singapore,45,0,2
1155,2/10/20,Hong Kong,38,1,0
1156,2/10/20,Thailand,32,0,10
1157,2/10/20,South Korea,27,0,3
1158,2/10/20,Japan,26,0,4
1159,2/10/20,China,18,0,3
1160,2/10/20,Malaysia,18,0,1
1161,2/10/20,Taiwan,18,0,1
1162,2/10/20,Germany,14,0,0
1163,2/10/20,Vietnam,14,0,1
1164,2/10/20,France,11,0,0
1165,2/10/20,Macau,10,0,1
1166,2/10/20,UK,8,0,0
1167,2/10/20,United Arab Emirates,8,0,0
1168,2/10/20,Australia,5,0,0
1169,2/10/20,Australia,4,0,2
1170,2/10/20,Australia,4,0,0
1171,2/10/20,Canada,4,0,0
1172,2/10/20,India,3,0,0
1173,2/10/20,Italy,3,0,0
1174,2/10/20,Philippines,3,1,0
1175,2/10/20,Australia,2,0,0
1176,2/10/20,Canada,2,0,0
1177,2/10/20,Russia,2,0,0
1178,2/10/20,Spain,2,0,0
1179,2/10/20,US,2,0,2
1180,2/10/20,US,2,0,0
1181,2/10/20,US,2,0,0
1182,2/10/20,Belgium,1,0,0
1183,2/10/20,Cambodia,1,0,0
1184,2/10/20,Canada,1,0,0
1185,2/10/20,Finland,1,0,0
1186,2/10/20,China,1,0,0
1187,2/10/20,Nepal,1,0,0
1188,2/10/20,Sri Lanka,1,0,1
1189,2/10/20,Sweden,1,0,0
1190,2/10/20,US,1,0,0
1191,2/10/20,US,1,0,0
1192,2/10/20,US,1,0,0
1193,2/10/20,US,1,0,0
1194,2/10/20,US,1,0,1
1195,2/10/20,US,1,0,0
1196,2/11/20,China,33366,1068,2639
1197,2/11/20,China,1177,1,212
1198,2/11/20,China,1117,0,270
1199,2/11/20,China,1105,7,218
1200,2/11/20,China,912,1,247
1201,2/11/20,China,860,4,105
1202,2/11/20,China,804,1,128
1203,2/11/20,China,515,0,93
1204,2/11/20,China,505,3,79
1205,2/11/20,China,487,1,80
1206,2/11/20,China,417,1,85
1207,2/11/20,China,360,8,28
1208,2/11/20,China,342,3,48
1209,2/11/20,China,303,1,52
1210,2/11/20,China,267,0,45
1211,2/11/20,China,239,2,48
1212,2/11/20,China,219,0,32
1213,2/11/20,China,215,1,33
1214,2/11/20,China,153,0,20
1215,2/11/20,China,144,3,20
1216,2/11/20,Others,135,0,0
1217,2/11/20,China,127,1,17
1218,2/11/20,China,124,0,30
1219,2/11/20,China,111,0,19
1220,2/11/20,China,106,2,10
1221,2/11/20,China,86,2,24
1222,2/11/20,China,81,1,18
1223,2/11/20,China,58,0,5
1224,2/11/20,China,55,0,3
1225,2/11/20,China,53,0,22
1226,2/11/20,Hong Kong,49,1,0
1227,2/11/20,Singapore,47,0,9
1228,2/11/20,Thailand,33,0,10
1229,2/11/20,South Korea,28,0,3
1230,2/11/20,Japan,26,0,9
1231,2/11/20,China,18,0,5
1232,2/11/20,Malaysia,18,0,3
1233,2/11/20,Taiwan,18,0,1
1234,2/11/20,Germany,16,0,0
1235,2/11/20,Vietnam,15,0,6
1236,2/11/20,France,11,0,0
1237,2/11/20,Macau,10,0,1
1238,2/11/20,UK,8,0,0
1239,2/11/20,United Arab Emirates,8,0,0
1240,2/11/20,Australia,5,0,0
1241,2/11/20,Australia,4,0,2
1242,2/11/20,Australia,4,0,0
1243,2/11/20,Canada,4,0,0
1244,2/11/20,India,3,0,0
1245,2/11/20,Italy,3,0,0
1246,2/11/20,Philippines,3,1,0
1247,2/11/20,Australia,2,0,0
1248,2/11/20,Canada,2,0,0
1249,2/11/20,Russia,2,0,0
1250,2/11/20,Spain,2,0,0
1251,2/11/20,US,2,0,2
1252,2/11/20,US,2,0,0
1253,2/11/20,US,2,0,0
1254,2/11/20,Belgium,1,0,0
1255,2/11/20,Cambodia,1,0,0
1256,2/11/20,Canada,1,0,0
1257,2/11/20,Finland,1,0,0
1258,2/11/20,China,1,0,0
1259,2/11/20,Nepal,1,0,0
1260,2/11/20,Sri Lanka,1,0,1
1261,2/11/20,Sweden,1,0,0
1262,2/11/20,US,1,0,0
1263,2/11/20,US,1,0,0
1264,2/11/20,US,1,0,0
1265,2/11/20,US,1,0,0
1266,2/11/20,US,1,0,0
1267,2/11/20,US,1,0,1
1268,2/11/20,US,1,0,0
1269,2/12/20,China,33366,1068,2686
1270,2/12/20,China,1219,1,275
1271,2/12/20,China,1135,8,246
1272,2/12/20,China,1131,0,321
1273,2/12/20,China,946,2,304
1274,2/12/20,China,889,4,127
1275,2/12/20,China,844,1,152
1276,2/12/20,China,543,0,125
1277,2/12/20,China,518,3,102
1278,2/12/20,China,497,2,92
1279,2/12/20,China,436,1,92
1280,2/12/20,China,378,8,31
1281,2/12/20,China,352,3,56
1282,2/12/20,China,311,1,57
1283,2/12/20,China,272,0,53
1284,2/12/20,China,251,2,54
1285,2/12/20,China,225,0,43
1286,2/12/20,China,222,1,32
1287,2/12/20,Others,175,0,0
1288,2/12/20,China,157,4,27
1289,2/12/20,China,154,0,26
1290,2/12/20,China,133,1,18
1291,2/12/20,China,126,0,33
1292,2/12/20,China,116,1,20
1293,2/12/20,China,112,2,11
1294,2/12/20,China,87,2,31
1295,2/12/20,China,83,1,22
1296,2/12/20,China,60,0,6
1297,2/12/20,China,59,0,3
1298,2/12/20,China,58,0,24
1299,2/12/20,Hong Kong,50,1,1
1300,2/12/20,Singapore,50,0,15
1301,2/12/20,Thailand,33,0,10
1302,2/12/20,Japan,28,0,9
1303,2/12/20,South Korea,28,0,7
1304,2/12/20,China,18,0,9
1305,2/12/20,Malaysia,18,0,3
1306,2/12/20,Taiwan,18,0,1
1307,2/12/20,Germany,16,0,0
1308,2/12/20,Vietnam,15,0,6
1309,2/12/20,France,11,0,2
1310,2/12/20,Macau,10,0,2
1311,2/12/20,UK,9,0,1
1312,2/12/20,United Arab Emirates,8,0,1
1313,2/12/20,Australia,5,0,0
1314,2/12/20,Australia,4,0,2
1315,2/12/20,Australia,4,0,0
1316,2/12/20,Canada,4,0,0
1317,2/12/20,India,3,0,0
1318,2/12/20,Italy,3,0,0
1319,2/12/20,Philippines,3,1,1
1320,2/12/20,Australia,2,0,0
1321,2/12/20,Canada,2,0,0
1322,2/12/20,Russia,2,0,2
1323,2/12/20,Spain,2,0,0
1324,2/12/20,US,2,0,2
1325,2/12/20,US,2,0,0
1326,2/12/20,US,2,0,0
1327,2/12/20,Belgium,1,0,0
1328,2/12/20,Cambodia,1,0,1
1329,2/12/20,Canada,1,0,1
1330,2/12/20,Finland,1,0,1
1331,2/12/20,China,1,0,1
1332,2/12/20,Nepal,1,0,1
1333,2/12/20,Sri Lanka,1,0,1
1334,2/12/20,Sweden,1,0,0
1335,2/12/20,US,1,0,0
1336,2/12/20,US,1,0,0
1337,2/12/20,US,1,0,0
1338,2/12/20,US,1,0,0
1339,2/12/20,US,1,0,0
1340,2/12/20,US,1,0,1
1341,2/12/20,US,1,0,0
1342,2/13/20,China,48206,1310,3459
1343,2/13/20,China,1241,2,314
1344,2/13/20,China,1169,10,296
1345,2/13/20,China,1145,0,360
1346,2/13/20,China,968,2,339
1347,2/13/20,China,910,5,157
1348,2/13/20,China,872,1,170
1349,2/13/20,China,570,0,139
1350,2/13/20,China,529,4,128
1351,2/13/20,China,509,2,105
1352,2/13/20,China,451,1,104
1353,2/13/20,China,395,9,33
1354,2/13/20,China,366,3,69
1355,2/13/20,China,315,1,62
1356,2/13/20,China,279,0,57
1357,2/13/20,China,265,3,68
1358,2/13/20,China,229,0,46
1359,2/13/20,China,222,2,33
1360,2/13/20,Others,175,0,0
1361,2/13/20,China,157,4,30
1362,2/13/20,China,156,0,27
1363,2/13/20,China,135,1,27
1364,2/13/20,China,126,0,36
1365,2/13/20,China,119,3,21
1366,2/13/20,China,117,1,22
1367,2/13/20,China,90,2,39
1368,2/13/20,China,84,1,24
1369,2/13/20,China,64,0,24
1370,2/13/20,China,63,1,6
1371,2/13/20,China,61,0,6
1372,2/13/20,Singapore,58,0,15
1373,2/13/20,Hong Kong,53,1,1
1374,2/13/20,Thailand,33,0,12
1375,2/13/20,Japan,28,1,9
1376,2/13/20,South Korea,28,0,7
1377,2/13/20,Malaysia,19,0,3
1378,2/13/20,China,18,0,11
1379,2/13/20,Taiwan,18,0,1
1380,2/13/20,Germany,16,0,1
1381,2/13/20,Vietnam,16,0,7
1382,2/13/20,France,11,0,2
1383,2/13/20,Macau,10,0,3
1384,2/13/20,UK,9,0,1
1385,2/13/20,United Arab Emirates,8,0,1
1386,2/13/20,Australia,5,0,0
1387,2/13/20,Australia,4,0,4
1388,2/13/20,Australia,4,0,4
1389,2/13/20,Canada,4,0,0
1390,2/13/20,India,3,0,0
1391,2/13/20,Italy,3,0,0
1392,2/13/20,Philippines,3,1,1
1393,2/13/20,Australia,2,0,0
1394,2/13/20,Canada,2,0,0
1395,2/13/20,Russia,2,0,2
1396,2/13/20,Spain,2,0,0
1397,2/13/20,US,2,0,2
1398,2/13/20,US,2,0,0
1399,2/13/20,US,2,0,0
1400,2/13/20,US,2,0,0
1401,2/13/20,Belgium,1,0,0
1402,2/13/20,Cambodia,1,0,1
1403,2/13/20,Canada,1,0,1
1404,2/13/20,Finland,1,0,1
1405,2/13/20,China,1,0,1
1406,2/13/20,Nepal,1,0,1
1407,2/13/20,Sri Lanka,1,0,1
1408,2/13/20,Sweden,1,0,0
1409,2/13/20,US,1,0,0
1410,2/13/20,US,1,0,0
1411,2/13/20,US,1,0,0
1412,2/13/20,US,1,0,0
1413,2/13/20,US,1,0,0
1414,2/13/20,US,1,0,1
1415,2/13/20,US,1,0,0
1416,2/14/20,China,54406,1457,4774
1417,2/14/20,China,1261,2,362
1418,2/14/20,China,1184,11,357
1419,2/14/20,China,1155,0,403
1420,2/14/20,China,988,2,364
1421,2/14/20,China,934,6,193
1422,2/14/20,China,900,1,187
1423,2/14/20,China,593,0,157
1424,2/14/20,China,537,5,152
1425,2/14/20,China,523,2,136
1426,2/14/20,China,463,1,114
1427,2/14/20,China,419,11,47
1428,2/14/20,China,372,3,80
1429,2/14/20,China,318,1,90
1430,2/14/20,China,283,3,87
1431,2/14/20,China,281,0,63
1432,2/14/20,China,230,0,54
1433,2/14/20,China,226,2,36
1434,2/14/20,Others,218,0,0
1435,2/14/20,China,162,0,36
1436,2/14/20,China,159,4,43
1437,2/14/20,China,140,1,28
1438,2/14/20,China,127,0,38
1439,2/14/20,China,120,3,31
1440,2/14/20,China,119,1,29
1441,2/14/20,China,90,2,39
1442,2/14/20,China,86,1,25
1443,2/14/20,China,67,0,24
1444,2/14/20,Singapore,67,0,17
1445,2/14/20,China,65,0,6
1446,2/14/20,China,65,1,6
1447,2/14/20,Hong Kong,56,1,1
1448,2/14/20,Thailand,33,0,12
1449,2/14/20,Japan,29,1,9
1450,2/14/20,South Korea,28,0,7
1451,2/14/20,Malaysia,19,0,3
1452,2/14/20,China,18,0,11
1453,2/14/20,Taiwan,18,0,2
1454,2/14/20,Germany,16,0,1
1455,2/14/20,Vietnam,16,0,7
1456,2/14/20,France,11,0,2
1457,2/14/20,Macau,10,0,3
1458,2/14/20,UK,9,0,1
1459,2/14/20,United Arab Emirates,8,0,1
1460,2/14/20,Australia,5,0,0
1461,2/14/20,Australia,4,0,4
1462,2/14/20,Australia,4,0,4
1463,2/14/20,Canada,4,0,0
1464,2/14/20,India,3,0,0
1465,2/14/20,Italy,3,0,0
1466,2/14/20,Philippines,3,1,1
1467,2/14/20,Australia,2,0,0
1468,2/14/20,Canada,2,0,0
1469,2/14/20,Russia,2,0,2
1470,2/14/20,Spain,2,0,0
1471,2/14/20,US,2,0,2
1472,2/14/20,US,2,0,0
1473,2/14/20,US,2,0,0
1474,2/14/20,US,2,0,0
1475,2/14/20,Belgium,1,0,0
1476,2/14/20,Cambodia,1,0,1
1477,2/14/20,Canada,1,0,1
1478,2/14/20,Egypt,1,0,0
1479,2/14/20,Finland,1,0,1
1480,2/14/20,China,1,0,1
1481,2/14/20,Nepal,1,0,1
1482,2/14/20,Sri Lanka,1,0,1
1483,2/14/20,Sweden,1,0,0
1484,2/14/20,US,1,0,0
1485,2/14/20,US,1,0,0
1486,2/14/20,US,1,0,0
1487,2/14/20,US,1,0,0
1488,2/14/20,US,1,0,0
1489,2/14/20,US,1,0,1
1490,2/14/20,US,1,0,0
1491,2/15/20,China,56249,1596,5623
1492,2/15/20,China,1294,2,410
1493,2/15/20,China,1212,13,391
1494,2/15/20,China,1162,0,428
1495,2/15/20,China,1001,2,425
1496,2/15/20,China,950,6,221
1497,2/15/20,China,913,1,210
1498,2/15/20,China,604,0,186
1499,2/15/20,China,544,5,184
1500,2/15/20,China,532,2,156
1501,2/15/20,China,470,1,119
1502,2/15/20,China,425,11,68
1503,2/15/20,China,375,4,98
1504,2/15/20,China,326,1,124
1505,2/15/20,China,291,3,101
1506,2/15/20,China,285,0,71
1507,2/15/20,Others,285,0,0
1508,2/15/20,China,235,2,44
1509,2/15/20,China,232,0,60
1510,2/15/20,China,168,0,42
1511,2/15/20,China,162,4,39
1512,2/15/20,China,143,1,41
1513,2/15/20,China,128,0,46
1514,2/15/20,China,122,3,37
1515,2/15/20,China,119,1,31
1516,2/15/20,China,90,2,49
1517,2/15/20,China,88,1,26
1518,2/15/20,Singapore,72,0,18
1519,2/15/20,China,70,0,33
1520,2/15/20,China,70,1,10
1521,2/15/20,China,68,0,7
1522,2/15/20,Hong Kong,56,1,1
1523,2/15/20,Japan,43,1,12
1524,2/15/20,Thailand,33,0,12
1525,2/15/20,South Korea,28,0,9
1526,2/15/20,Malaysia,22,0,7
1527,2/15/20,China,18,0,13
1528,2/15/20,Taiwan,18,0,2
1529,2/15/20,Germany,16,0,1
1530,2/15/20,Vietnam,16,0,7
1531,2/15/20,France,12,1,4
1532,2/15/20,Macau,10,0,3
1533,2/15/20,UK,9,0,1
1534,2/15/20,United Arab Emirates,8,0,3
1535,2/15/20,Australia,5,0,0
1536,2/15/20,Australia,4,0,4
1537,2/15/20,Australia,4,0,4
1538,2/15/20,Canada,4,0,0
1539,2/15/20,India,3,0,0
1540,2/15/20,Italy,3,0,0
1541,2/15/20,Philippines,3,1,1
1542,2/15/20,Australia,2,0,0
1543,2/15/20,Canada,2,0,0
1544,2/15/20,Russia,2,0,2
1545,2/15/20,Spain,2,0,2
1546,2/15/20,US,2,0,2
1547,2/15/20,US,2,0,0
1548,2/15/20,US,2,0,0
1549,2/15/20,US,2,0,0
1550,2/15/20,Belgium,1,0,0
1551,2/15/20,Cambodia,1,0,1
1552,2/15/20,Canada,1,0,1
1553,2/15/20,Egypt,1,0,0
1554,2/15/20,Finland,1,0,1
1555,2/15/20,China,1,0,1
1556,2/15/20,Nepal,1,0,1
1557,2/15/20,Sri Lanka,1,0,1
1558,2/15/20,Sweden,1,0,0
1559,2/15/20,US,1,0,0
1560,2/15/20,US,1,0,0
1561,2/15/20,US,1,0,0
1562,2/15/20,US,1,0,0
1563,2/15/20,US,1,0,0
1564,2/15/20,US,1,0,1
1565,2/15/20,US,1,0,0
1566,2/16/20,China,58182,1696,6639
1567,2/16/20,China,1316,2,465
1568,2/16/20,China,1231,13,440
1569,2/16/20,China,1167,0,456
1570,2/16/20,China,1004,3,464
1571,2/16/20,China,962,6,255
1572,2/16/20,China,925,1,240
1573,2/16/20,China,617,0,218
1574,2/16/20,China,551,5,207
1575,2/16/20,China,537,2,173
1576,2/16/20,China,481,3,131
1577,2/16/20,China,445,11,79
1578,2/16/20,China,380,4,108
1579,2/16/20,Others,355,0,0
1580,2/16/20,China,328,1,140
1581,2/16/20,China,300,3,105
1582,2/16/20,China,287,0,82
1583,2/16/20,China,237,2,49
1584,2/16/20,China,236,0,71
1585,2/16/20,China,171,0,42
1586,2/16/20,China,162,4,52
1587,2/16/20,China,144,1,46
1588,2/16/20,China,129,0,50
1589,2/16/20,China,124,3,45
1590,2/16/20,China,121,1,40
1591,2/16/20,China,90,2,54
1592,2/16/20,China,89,1,30
1593,2/16/20,Singapore,75,0,18
1594,2/16/20,China,71,1,12
1595,2/16/20,China,70,0,8
1596,2/16/20,China,70,0,33
1597,2/16/20,Japan,59,1,12
1598,2/16/20,Hong Kong,57,1,2
1599,2/16/20,Thailand,34,0,14
1600,2/16/20,South Korea,29,0,9
1601,2/16/20,Malaysia,22,0,7
1602,2/16/20,Taiwan,20,1,2
1603,2/16/20,China,18,0,13
1604,2/16/20,Germany,16,0,1
1605,2/16/20,Vietnam,16,0,7
1606,2/16/20,France,12,1,4
1607,2/16/20,Macau,10,0,5
1608,2/16/20,UK,9,0,8
1609,2/16/20,United Arab Emirates,9,0,4
1610,2/16/20,Australia,5,0,0
1611,2/16/20,Australia,4,0,4
1612,2/16/20,Australia,4,0,4
1613,2/16/20,Canada,4,0,0
1614,2/16/20,India,3,0,3
1615,2/16/20,Italy,3,0,0
1616,2/16/20,Philippines,3,1,1
1617,2/16/20,Australia,2,0,0
1618,2/16/20,Canada,2,0,0
1619,2/16/20,Russia,2,0,2
1620,2/16/20,Spain,2,0,2
1621,2/16/20,US,2,0,2
1622,2/16/20,US,2,0,0
1623,2/16/20,US,2,0,0
1624,2/16/20,US,2,0,0
1625,2/16/20,Belgium,1,0,0
1626,2/16/20,Cambodia,1,0,1
1627,2/16/20,Canada,1,0,1
1628,2/16/20,Egypt,1,0,0
1629,2/16/20,Finland,1,0,1
1630,2/16/20,China,1,0,1
1631,2/16/20,Nepal,1,0,1
1632,2/16/20,Sri Lanka,1,0,1
1633,2/16/20,Sweden,1,0,0
1634,2/16/20,US,1,0,0
1635,2/16/20,US,1,0,0
1636,2/16/20,US,1,0,0
1637,2/16/20,US,1,0,0
1638,2/16/20,US,1,0,0
1639,2/16/20,US,1,0,1
1640,2/16/20,US,1,0,0
1641,2/17/20,China,59989,1789,7862
1642,2/17/20,China,1322,4,524
1643,2/17/20,China,1246,16,509
1644,2/17/20,China,1171,0,507
1645,2/17/20,China,1006,3,498
1646,2/17/20,China,973,6,280
1647,2/17/20,China,930,1,275
1648,2/17/20,China,626,0,258
1649,2/17/20,China,553,5,225
1650,2/17/20,China,541,2,191
1651,2/17/20,China,495,3,156
1652,2/17/20,China,457,11,85
1653,2/17/20,Others,454,0,0
1654,2/17/20,China,381,4,114
1655,2/17/20,China,333,1,161
1656,2/17/20,China,301,3,122
1657,2/17/20,China,290,0,90
1658,2/17/20,China,240,0,79
1659,2/17/20,China,238,2,53
1660,2/17/20,China,171,0,47
1661,2/17/20,China,163,4,59
1662,2/17/20,China,146,1,57
1663,2/17/20,China,130,0,53
1664,2/17/20,China,125,3,46
1665,2/17/20,China,121,1,43
1666,2/17/20,China,91,2,58
1667,2/17/20,China,89,1,34
1668,2/17/20,Singapore,77,0,24
1669,2/17/20,China,75,1,12
1670,2/17/20,China,72,0,8
1671,2/17/20,China,70,0,35
1672,2/17/20,Japan,66,1,12
1673,2/17/20,Hong Kong,60,1,2
1674,2/17/20,Thailand,35,0,15
1675,2/17/20,South Korea,30,0,10
1676,2/17/20,Malaysia,22,0,7
1677,2/17/20,Taiwan,22,1,2
1678,2/17/20,China,18,0,13
1679,2/17/20,Germany,16,0,1
1680,2/17/20,Vietnam,16,0,7
1681,2/17/20,France,12,1,4
1682,2/17/20,Macau,10,0,5
1683,2/17/20,UK,9,0,8
1684,2/17/20,United Arab Emirates,9,0,4
1685,2/17/20,Australia,5,0,0
1686,2/17/20,Canada,5,0,0
1687,2/17/20,Australia,4,0,4
1688,2/17/20,Australia,4,0,4
1689,2/17/20,India,3,0,3
1690,2/17/20,Italy,3,0,0
1691,2/17/20,Philippines,3,1,1
1692,2/17/20,Australia,2,0,2
1693,2/17/20,Canada,2,0,0
1694,2/17/20,Russia,2,0,2
1695,2/17/20,Spain,2,0,2
1696,2/17/20,US,2,0,2
1697,2/17/20,US,2,0,0
1698,2/17/20,US,2,0,0
1699,2/17/20,US,2,0,0
1700,2/17/20,Belgium,1,0,1
1701,2/17/20,Cambodia,1,0,1
1702,2/17/20,Canada,1,0,1
1703,2/17/20,Egypt,1,0,0
1704,2/17/20,Finland,1,0,1
1705,2/17/20,Mainland China,1,0,1
1706,2/17/20,Nepal,1,0,1
1707,2/17/20,Sri Lanka,1,0,1
1708,2/17/20,Sweden,1,0,0
1709,2/17/20,US,1,0,0
1710,2/17/20,US,1,0,0
1711,2/17/20,US,1,0,0
1712,2/17/20,US,1,0,0
1713,2/17/20,US,1,0,0
1714,2/17/20,US,1,0,1
1715,2/17/20,US,1,0,0
1716,2/18/20,China,61682,1921,9128
1717,2/18/20,China,1328,4,565
1718,2/18/20,China,1257,19,522
1719,2/18/20,China,1172,0,535
1720,2/18/20,China,1007,4,527
1721,2/18/20,China,982,6,361
1722,2/18/20,China,933,1,310
1723,2/18/20,China,629,0,280
1724,2/18/20,China,555,5,254
1725,2/18/20,China,543,3,211
1726,2/18/20,Others,542,0,0
1727,2/18/20,China,508,3,169
1728,2/18/20,China,464,11,111
1729,2/18/20,China,387,4,122
1730,2/18/20,China,333,1,177
1731,2/18/20,China,306,4,136
1732,2/18/20,China,292,0,93
1733,2/18/20,China,242,2,69
1734,2/18/20,China,240,0,89
1735,2/18/20,China,172,0,57
1736,2/18/20,China,163,4,79
1737,2/18/20,China,146,2,66
1738,2/18/20,China,131,0,61
1739,2/18/20,China,128,3,48
1740,2/18/20,China,121,1,53
1741,2/18/20,China,91,2,62
1742,2/18/20,China,89,1,36
1743,2/18/20,Singapore,81,0,29
1744,2/18/20,China,76,1,12
1745,2/18/20,Japan,74,1,13
1746,2/18/20,China,73,0,8
1747,2/18/20,China,70,0,42
1748,2/18/20,Hong Kong,62,1,2
1749,2/18/20,Thailand,35,0,15
1750,2/18/20,South Korea,31,0,12
1751,2/18/20,Malaysia,22,0,13
1752,2/18/20,Taiwan,22,1,2
1753,2/18/20,China,18,0,15
1754,2/18/20,Germany,16,0,12
1755,2/18/20,Vietnam,16,0,7
1756,2/18/20,France,12,1,4
1757,2/18/20,Macau,10,0,5
1758,2/18/20,UK,9,0,8
1759,2/18/20,United Arab Emirates,9,0,4
1760,2/18/20,Australia,5,0,0
1761,2/18/20,Canada,5,0,0
1762,2/18/20,Australia,4,0,4
1763,2/18/20,Australia,4,0,4
1764,2/18/20,India,3,0,3
1765,2/18/20,Italy,3,0,0
1766,2/18/20,Philippines,3,1,1
1767,2/18/20,Australia,2,0,2
1768,2/18/20,Canada,2,0,0
1769,2/18/20,Russia,2,0,2
1770,2/18/20,Spain,2,0,2
1771,2/18/20,US,2,0,2
1772,2/18/20,US,2,0,0
1773,2/18/20,US,2,0,0
1774,2/18/20,US,2,0,0
1775,2/18/20,Belgium,1,0,1
1776,2/18/20,Cambodia,1,0,1
1777,2/18/20,Canada,1,0,1
1778,2/18/20,Egypt,1,0,0
1779,2/18/20,Finland,1,0,1
1780,2/18/20,China,1,0,1
1781,2/18/20,Nepal,1,0,1
1782,2/18/20,Sri Lanka,1,0,1
1783,2/18/20,Sweden,1,0,0
1784,2/18/20,US,1,0,0
1785,2/18/20,US,1,0,0
1786,2/18/20,US,1,0,0
1787,2/18/20,US,1,0,0
1788,2/18/20,US,1,0,0
1789,2/18/20,US,1,0,1
1790,2/18/20,US,1,0,0
1791,2/19/20,China,62031,2029,10337
1792,2/19/20,China,1331,5,606
1793,2/19/20,China,1262,19,573
1794,2/19/20,China,1174,0,604
1795,2/19/20,China,1008,4,561
1796,2/19/20,China,986,6,413
1797,2/19/20,China,934,1,362
1798,2/19/20,China,631,0,318
1799,2/19/20,Others,621,0,1
1800,2/19/20,China,560,5,274
1801,2/19/20,China,544,3,231
1802,2/19/20,China,514,3,188
1803,2/19/20,China,470,12,120
1804,2/19/20,China,393,4,145
1805,2/19/20,China,333,2,186
1806,2/19/20,China,306,4,152
1807,2/19/20,China,293,0,112
1808,2/19/20,China,244,2,86
1809,2/19/20,China,242,0,102
1810,2/19/20,China,172,1,60
1811,2/19/20,China,168,4,84
1812,2/19/20,China,146,2,70
1813,2/19/20,China,131,0,68
1814,2/19/20,China,130,3,54
1815,2/19/20,China,121,1,55
1816,2/19/20,China,91,2,65
1817,2/19/20,China,90,1,37
1818,2/19/20,Japan,84,1,18
1819,2/19/20,Singapore,84,0,34
1820,2/19/20,China,76,1,20
1821,2/19/20,China,75,0,10
1822,2/19/20,China,71,0,42
1823,2/19/20,Hong Kong,63,2,5
1824,2/19/20,Thailand,35,0,15
1825,2/19/20,South Korea,31,0,12
1826,2/19/20,Taiwan,23,1,2
1827,2/19/20,Malaysia,22,0,15
1828,2/19/20,China,18,0,16
1829,2/19/20,Germany,16,0,12
1830,2/19/20,Vietnam,16,0,7
1831,2/19/20,France,12,1,4
1832,2/19/20,Macau,10,0,5
1833,2/19/20,UK,9,0,8
1834,2/19/20,United Arab Emirates,9,0,4
1835,2/19/20,Australia,5,0,0
1836,2/19/20,Canada,5,0,0
1837,2/19/20,Australia,4,0,4
1838,2/19/20,Australia,4,0,4
1839,2/19/20,India,3,0,3
1840,2/19/20,Italy,3,0,0
1841,2/19/20,Philippines,3,1,1
1842,2/19/20,Australia,2,0,2
1843,2/19/20,Canada,2,0,0
1844,2/19/20,Iran,2,2,0
1845,2/19/20,Russia,2,0,2
1846,2/19/20,Spain,2,0,2
1847,2/19/20,US,2,0,2
1848,2/19/20,US,2,0,0
1849,2/19/20,US,2,0,0
1850,2/19/20,US,2,0,0
1851,2/19/20,Belgium,1,0,1
1852,2/19/20,Cambodia,1,0,1
1853,2/19/20,Canada,1,0,1
1854,2/19/20,Egypt,1,0,0
1855,2/19/20,Finland,1,0,1
1856,2/19/20,China,1,0,1
1857,2/19/20,Nepal,1,0,1
1858,2/19/20,Sri Lanka,1,0,1
1859,2/19/20,Sweden,1,0,0
1860,2/19/20,US,1,0,0
1861,2/19/20,US,1,0,0
1862,2/19/20,US,1,0,0
1863,2/19/20,US,1,0,0
1864,2/19/20,US,1,0,0
1865,2/19/20,US,1,0,1
1866,2/19/20,US,1,0,0
1867,2/20/20,China,62442,2144,11788
1868,2/20/20,China,1332,5,642
1869,2/20/20,China,1265,19,637
1870,2/20/20,China,1175,1,633
1871,2/20/20,China,1010,4,634
1872,2/20/20,China,987,6,474
1873,2/20/20,China,934,1,433
1874,2/20/20,Others,634,2,1
1875,2/20/20,China,631,0,356
1876,2/20/20,China,567,6,299
1877,2/20/20,China,546,4,254
1878,2/20/20,China,520,3,217
1879,2/20/20,China,476,12,136
1880,2/20/20,China,395,4,153
1881,2/20/20,China,334,2,199
1882,2/20/20,China,307,5,169
1883,2/20/20,China,293,1,126
1884,2/20/20,China,245,2,90
1885,2/20/20,China,245,1,118
1886,2/20/20,China,174,2,79
1887,2/20/20,China,168,4,86
1888,2/20/20,China,146,2,72
1889,2/20/20,China,132,0,76
1890,2/20/20,China,131,3,59
1891,2/20/20,China,121,1,59
1892,2/20/20,South Korea,104,1,16
1893,2/20/20,Japan,94,1,18
1894,2/20/20,China,91,2,71
1895,2/20/20,China,91,1,43
1896,2/20/20,Singapore,84,0,34
1897,2/20/20,China,76,1,22
1898,2/20/20,China,75,0,16
1899,2/20/20,China,71,0,44
1900,2/20/20,Hong Kong,68,2,6
1901,2/20/20,Thailand,35,0,15
1902,2/20/20,Taiwan,24,1,2
1903,2/20/20,Malaysia,22,0,15
1904,2/20/20,China,18,0,16
1905,2/20/20,Germany,16,0,12
1906,2/20/20,Vietnam,16,0,7
1907,2/20/20,France,12,1,4
1908,2/20/20,Macau,10,0,6
1909,2/20/20,UK,9,0,8
1910,2/20/20,United Arab Emirates,9,0,4
1911,2/20/20,Australia,5,0,0
1912,2/20/20,Canada,5,0,0
1913,2/20/20,Iran,5,2,0
1914,2/20/20,Australia,4,0,4
1915,2/20/20,Australia,4,0,4
1916,2/20/20,India,3,0,3
1917,2/20/20,Italy,3,0,0
1918,2/20/20,Philippines,3,1,1
1919,2/20/20,Australia,2,0,2
1920,2/20/20,Canada,2,0,0
1921,2/20/20,Russia,2,0,2
1922,2/20/20,Spain,2,0,2
1923,2/20/20,US,2,0,2
1924,2/20/20,US,2,0,0
1925,2/20/20,US,2,0,0
1926,2/20/20,US,2,0,0
1927,2/20/20,Belgium,1,0,1
1928,2/20/20,Cambodia,1,0,1
1929,2/20/20,Canada,1,0,1
1930,2/20/20,Egypt,1,0,0
1931,2/20/20,Finland,1,0,1
1932,2/20/20,China,1,0,1
1933,2/20/20,Nepal,1,0,1
1934,2/20/20,Sri Lanka,1,0,1
1935,2/20/20,Sweden,1,0,0
1936,2/20/20,US,1,0,0
1937,2/20/20,US,1,0,0
1938,2/20/20,US,1,0,0
1939,2/20/20,US,1,0,0
1940,2/20/20,US,1,0,0
1941,2/20/20,US,1,0,1
1942,2/20/20,US,1,0,0
1943,2/21/20,China,62662,2144,11881
1944,2/21/20,China,1333,5,690
1945,2/21/20,China,1267,19,736
1946,2/21/20,China,1203,1,679
1947,2/21/20,China,1011,4,661
1948,2/21/20,China,988,6,539
1949,2/21/20,China,934,1,489
1950,2/21/20,China,749,4,281
1951,2/21/20,Others,634,2,1
1952,2/21/20,China,631,0,373
1953,2/21/20,China,572,6,316
1954,2/21/20,China,525,3,231
1955,2/21/20,China,479,12,175
1956,2/21/20,China,396,4,169
1957,2/21/20,China,334,2,211
1958,2/21/20,China,308,5,184
1959,2/21/20,China,293,1,149
1960,2/21/20,China,246,2,97
1961,2/21/20,China,245,1,134
1962,2/21/20,South Korea,204,2,16
1963,2/21/20,China,174,2,96
1964,2/21/20,China,168,4,95
1965,2/21/20,China,146,2,77
1966,2/21/20,China,132,0,78
1967,2/21/20,China,132,3,62
1968,2/21/20,China,121,1,61
1969,2/21/20,Japan,105,1,22
1970,2/21/20,China,91,2,76
1971,2/21/20,China,91,1,45
1972,2/21/20,Singapore,85,0,37
1973,2/21/20,China,76,1,24
1974,2/21/20,China,75,0,17
1975,2/21/20,China,71,0,48
1976,2/21/20,Hong Kong,68,2,5
1977,2/21/20,Thailand,35,0,17
1978,2/21/20,Taiwan,26,1,2
1979,2/21/20,Malaysia,22,0,15
1980,2/21/20,Italy,20,1,0
1981,2/21/20,Iran,18,4,0
1982,2/21/20,China,18,0,18
1983,2/21/20,Germany,16,0,14
1984,2/21/20,Vietnam,16,0,14
1985,2/21/20,France,12,1,4
1986,2/21/20,US,11,0,0
1987,2/21/20,Macau,10,0,6
1988,2/21/20,UK,9,0,8
1989,2/21/20,United Arab Emirates,9,0,4
1990,2/21/20,Canada,6,0,0
1991,2/21/20,Australia,5,0,1
1992,2/21/20,US,5,0,0
1993,2/21/20,Australia,4,0,0
1994,2/21/20,Australia,4,0,4
1995,2/21/20,Australia,4,0,4
1996,2/21/20,India,3,0,3
1997,2/21/20,Philippines,3,1,1
1998,2/21/20,Australia,2,0,2
1999,2/21/20,Canada,2,0,2
2000,2/21/20,Russia,2,0,2
2001,2/21/20,Spain,2,0,2
2002,2/21/20,US,2,0,2
2003,2/21/20,US,2,0,0
2004,2/21/20,US,2,0,0
2005,2/21/20,US,2,0,1
2006,2/21/20,US,2,0,1
2007,2/21/20,Belgium,1,0,1
2008,2/21/20,Cambodia,1,0,1
2009,2/21/20,Canada,1,0,1
2010,2/21/20,Egypt,1,0,0
2011,2/21/20,Finland,1,0,1
2012,2/21/20,Israel,1,0,0
2013,2/21/20,Lebanon,1,0,0
2014,2/21/20,Mainland China,1,0,1
2015,2/21/20,Nepal,1,0,1
2016,2/21/20,Sri Lanka,1,0,1
2017,2/21/20,Sweden,1,0,0
2018,2/21/20,US,1,0,0
2019,2/21/20,US,1,0,0
2020,2/21/20,US,1,0,0
2021,2/21/20,US,1,0,0
2022,2/21/20,US,1,0,0
2023,2/21/20,US,1,0,0
2024,2/21/20,US,1,0,0
2025,2/21/20,US,1,0,1
2026,2/21/20,US,1,0,0
2027,2/22/20,China,64084,2346,15299
2028,2/22/20,China,1339,5,728
2029,2/22/20,China,1270,19,830
2030,2/22/20,China,1205,1,719
2031,2/22/20,China,1013,4,692
2032,2/22/20,China,989,6,597
2033,2/22/20,China,934,1,555
2034,2/22/20,China,750,4,302
2035,2/22/20,Others,634,2,1
2036,2/22/20,China,631,0,401
2037,2/22/20,China,573,6,328
2038,2/22/20,China,526,3,250
2039,2/22/20,China,479,12,204
2040,2/22/20,South Korea,433,2,16
2041,2/22/20,China,399,4,178
2042,2/22/20,China,335,3,227
2043,2/22/20,China,309,6,203
2044,2/22/20,China,293,1,162
2045,2/22/20,China,249,2,104
2046,2/22/20,China,245,1,149
2047,2/22/20,China,174,2,107
2048,2/22/20,China,168,4,104
2049,2/22/20,China,146,2,90
2050,2/22/20,China,135,3,65
2051,2/22/20,China,132,0,81
2052,2/22/20,Japan,122,1,22
2053,2/22/20,China,121,1,66
2054,2/22/20,China,91,2,76
2055,2/22/20,China,91,1,52
2056,2/22/20,Singapore,85,0,37
2057,2/22/20,China,76,2,25
2058,2/22/20,China,75,0,26
2059,2/22/20,China,71,0,48
2060,2/22/20,Hong Kong,69,2,6
2061,2/22/20,Italy,62,2,1
2062,2/22/20,Thailand,35,0,17
2063,2/22/20,Iran,28,5,0
2064,2/22/20,Taiwan,26,1,2
2065,2/22/20,Malaysia,22,0,15
2066,2/22/20,China,18,0,18
2067,2/22/20,Germany,16,0,14
2068,2/22/20,Vietnam,16,0,14
2069,2/22/20,United Arab Emirates,13,0,4
2070,2/22/20,France,12,1,4
2071,2/22/20,US,11,0,0
2072,2/22/20,Macau,10,0,6
2073,2/22/20,UK,9,0,8
2074,2/22/20,Australia,7,0,0
2075,2/22/20,Canada,6,0,0
2076,2/22/20,Australia,5,0,1
2077,2/22/20,US,5,0,0
2078,2/22/20,Australia,4,0,4
2079,2/22/20,Australia,4,0,4
2080,2/22/20,India,3,0,3
2081,2/22/20,Philippines,3,1,1
2082,2/22/20,Australia,2,0,2
2083,2/22/20,Canada,2,0,2
2084,2/22/20,Russia,2,0,2
2085,2/22/20,Spain,2,0,2
2086,2/22/20,US,2,0,2
2087,2/22/20,US,2,0,0
2088,2/22/20,US,2,0,0
2089,2/22/20,US,2,0,1
2090,2/22/20,US,2,0,1
2091,2/22/20,Belgium,1,0,1
2092,2/22/20,Cambodia,1,0,1
2093,2/22/20,Canada,1,0,1
2094,2/22/20,Egypt,1,0,0
2095,2/22/20,Finland,1,0,1
2096,2/22/20,Israel,1,0,0
2097,2/22/20,Lebanon,1,0,0
2098,2/22/20,China,1,0,1
2099,2/22/20,Nepal,1,0,1
2100,2/22/20,Sri Lanka,1,0,1
2101,2/22/20,Sweden,1,0,0
2102,2/22/20,US,1,0,0
2103,2/22/20,US,1,0,0
2104,2/22/20,US,1,0,0
2105,2/22/20,US,1,0,0
2106,2/22/20,US,1,0,0
2107,2/22/20,US,1,0,0
2108,2/22/20,US,1,0,0
2109,2/22/20,US,1,0,1
2110,2/22/20,US,1,0,0
2111,2/23/20,China,64084,2346,15343
2112,2/23/20,China,1342,6,755
2113,2/23/20,China,1271,19,868
2114,2/23/20,China,1205,1,760
2115,2/23/20,China,1016,4,714
2116,2/23/20,China,989,6,637
2117,2/23/20,China,934,1,613
2118,2/23/20,China,754,4,321
2119,2/23/20,Others,691,3,0
2120,2/23/20,China,631,0,418
2121,2/23/20,South Korea,602,6,18
2122,2/23/20,China,575,6,335
2123,2/23/20,China,526,3,261
2124,2/23/20,China,480,12,222
2125,2/23/20,China,399,4,189
2126,2/23/20,China,335,3,249
2127,2/23/20,China,311,6,219
2128,2/23/20,China,293,1,170
2129,2/23/20,China,249,2,106
2130,2/23/20,China,245,1,163
2131,2/23/20,China,174,2,115
2132,2/23/20,China,168,5,106
2133,2/23/20,Italy,155,3,2
2134,2/23/20,Japan,147,1,22
2135,2/23/20,China,146,2,102
2136,2/23/20,China,135,3,81
2137,2/23/20,China,132,0,88
2138,2/23/20,China,121,1,73
2139,2/23/20,China,91,2,78
2140,2/23/20,China,91,1,54
2141,2/23/20,Singapore,89,0,51
2142,2/23/20,China,76,2,28
2143,2/23/20,China,75,0,27
2144,2/23/20,Hong Kong,74,2,11
2145,2/23/20, China,71,0,56
2146,2/23/20,Iran,43,8,0
2147,2/23/20,Thailand,35,0,21
2148,2/23/20,Taiwan,28,1,2
2149,2/23/20,Malaysia,22,0,15
2150,2/23/20,China,18,0,18
2151,2/23/20,Germany,16,0,14
2152,2/23/20,Vietnam,16,0,14
2153,2/23/20,United Arab Emirates,13,0,4
2154,2/23/20,France,12,1,4
2155,2/23/20,US,11,0,0
2156,2/23/20,Macau,10,0,6
2157,2/23/20,UK,9,0,8
2158,2/23/20,Australia,7,0,0
2159,2/23/20,Canada,6,0,0
2160,2/23/20,Australia,5,0,1
2161,2/23/20,US,5,0,0
2162,2/23/20,Australia,4,0,4
2163,2/23/20,Australia,4,0,4
2164,2/23/20,India,3,0,3
2165,2/23/20,Philippines,3,1,1
2166,2/23/20,Australia,2,0,2
2167,2/23/20,Canada,2,0,2
2168,2/23/20,Russia,2,0,2
2169,2/23/20,Spain,2,0,2
2170,2/23/20,US,2,0,2
2171,2/23/20,US,2,0,0
2172,2/23/20,US,2,0,0
2173,2/23/20,US,2,0,1
2174,2/23/20,US,2,0,1
2175,2/23/20,Belgium,1,0,1
2176,2/23/20,Cambodia,1,0,1
2177,2/23/20,Canada,1,0,1
2178,2/23/20,Egypt,1,0,0
2179,2/23/20,Finland,1,0,1
2180,2/23/20,Israel,1,0,0
2181,2/23/20,Lebanon,1,0,0
2182,2/23/20, China,1,0,1
2183,2/23/20,Nepal,1,0,1
2184,2/23/20,Sri Lanka,1,0,1
2185,2/23/20,Sweden,1,0,0
2186,2/23/20,US,1,0,0
2187,2/23/20,US,1,0,0
2188,2/23/20,US,1,0,0
2189,2/23/20,US,1,0,0
2190,2/23/20,US,1,0,0
2191,2/23/20,US,1,0,0
2192,2/23/20,US,1,0,0
2193,2/23/20,US,1,0,1
2194,2/23/20,US,1,0,0
2195,2/23/20,Iraq,0,0,0
2196,2/24/20,China,64287,2495,16748
2197,2/24/20,China,1345,6,786
2198,2/24/20,China,1271,19,943
2199,2/24/20,China,1205,1,782
2200,2/24/20,China,1016,4,731
2201,2/24/20,China,989,6,663
2202,2/24/20,China,934,1,645
2203,2/24/20,South Korea,833,8,18
2204,2/24/20,China,755,5,343
2205,2/24/20,Others,691,3,0
2206,2/24/20,China,631,0,452
2207,2/24/20,China,576,6,349
2208,2/24/20,China,527,3,276
2209,2/24/20,China,480,12,227
2210,2/24/20,China,399,4,198
2211,2/24/20,China,335,3,261
2212,2/24/20,China,311,6,234
2213,2/24/20,China,293,1,183
2214,2/24/20,China,251,2,112
2215,2/24/20,China,245,1,173
2216,2/24/20,Italy,229,7,1
2217,2/24/20,China,174,2,124
2218,2/24/20,China,168,5,116
2219,2/24/20,Japan,159,1,22
2220,2/24/20,China,146,2,102
2221,2/24/20,China,135,3,87
2222,2/24/20,China,133,0,94
2223,2/24/20,China,121,1,80
2224,2/24/20,China,93,1,60
2225,2/24/20,China,91,2,80
2226,2/24/20,Singapore,89,0,51
2227,2/24/20,Hong Kong,79,2,19
2228,2/24/20,China,76,2,30
2229,2/24/20,China,75,0,34
2230,2/24/20,China,71,0,58
2231,2/24/20,Iran,61,12,0
2232,2/24/20,US,36,0,0
2233,2/24/20,Thailand,35,0,21
2234,2/24/20,Taiwan,30,1,5
2235,2/24/20,Malaysia,22,0,18
2236,2/24/20,China,18,0,18
2237,2/24/20,Germany,16,0,14
2238,2/24/20,Vietnam,16,0,14
2239,2/24/20,UK,13,0,8
2240,2/24/20,United Arab Emirates,13,0,4
2241,2/24/20,France,12,1,4
2242,2/24/20,Macau,10,0,6
2243,2/24/20,Australia,7,0,0
2244,2/24/20,Canada,6,0,0
2245,2/24/20,Australia,5,0,1
2246,2/24/20,Australia,4,0,4
2247,2/24/20,Australia,4,0,4
2248,2/24/20,Canada,3,0,2
2249,2/24/20,India,3,0,3
2250,2/24/20,Philippines,3,1,1
2251,2/24/20,Australia,2,0,2
2252,2/24/20,Oman,2,0,0
2253,2/24/20,Russia,2,0,2
2254,2/24/20,Spain,2,0,2
2255,2/24/20,US,2,0,2
2256,2/24/20,US,2,0,0
2257,2/24/20,US,2,0,1
2258,2/24/20,US,2,0,1
2259,2/24/20,Afghanistan,1,0,0
2260,2/24/20,Bahrain,1,0,0
2261,2/24/20,Belgium,1,0,1
2262,2/24/20,Cambodia,1,0,1
2263,2/24/20,Canada,1,0,1
2264,2/24/20,Egypt,1,0,0
2265,2/24/20,Finland,1,0,1
2266,2/24/20,Iraq,1,0,0
2267,2/24/20,Israel,1,0,0
2268,2/24/20,Kuwait,1,0,0
2269,2/24/20,Lebanon,1,0,0
2270,2/24/20,China,1,0,1
2271,2/24/20,Nepal,1,0,1
2272,2/24/20,Sri Lanka,1,0,1
2273,2/24/20,Sweden,1,0,0
2274,2/24/20,US,1,0,0
2275,2/24/20,US,1,0,0
2276,2/24/20,US,1,0,0
2277,2/24/20,US,1,0,0
2278,2/24/20,US,1,0,0
2279,2/24/20,US,1,0,0
2280,2/24/20,US,1,0,0
2281,2/24/20,US,1,0,1
2282,2/24/20,US,1,0,0
2283,2/24/20,US,0,0,0
2284,2/24/20,US,0,0,0
2285,2/24/20,US,0,0,0
2286,2/25/20,China,64786,2563,18971
2287,2/25/20,China,1347,7,822
2288,2/25/20,China,1271,19,1002
2289,2/25/20,China,1205,1,808
2290,2/25/20,China,1016,4,768
2291,2/25/20,China,989,6,712
2292,2/25/20,South Korea,977,10,22
2293,2/25/20,China,934,1,683
2294,2/25/20,China,756,6,355
2295,2/25/20,Others,691,3,0
2296,2/25/20,China,631,0,458
2297,2/25/20,China,576,6,372
2298,2/25/20,China,529,3,289
2299,2/25/20,China,480,12,243
2300,2/25/20,China,400,4,215
2301,2/25/20,China,336,3,268
2302,2/25/20,Italy,322,10,1
2303,2/25/20,China,311,6,248
2304,2/25/20,China,294,1,199
2305,2/25/20,China,252,2,134
2306,2/25/20,China,245,1,186
2307,2/25/20,China,174,2,129
2308,2/25/20,Japan,170,1,22
2309,2/25/20,China,168,5,124
2310,2/25/20,China,146,2,104
2311,2/25/20,China,135,3,91
2312,2/25/20,China,133,0,98
2313,2/25/20,China,121,1,83
2314,2/25/20,Iran,95,16,0
2315,2/25/20,China,93,1,63
2316,2/25/20,China,91,2,80
2317,2/25/20,Singapore,91,0,53
2318,2/25/20,Hong Kong,84,2,19
2319,2/25/20,China,76,2,30
2320,2/25/20,China,75,0,35
2321,2/25/20,China,71,0,61
2322,2/25/20,Thailand,37,0,22
2323,2/25/20,US,36,0,0
2324,2/25/20,Taiwan,31,1,5
2325,2/25/20,Bahrain,23,0,0
2326,2/25/20,Malaysia,22,0,18
2327,2/25/20,China,18,0,18
2328,2/25/20,Germany,17,0,14
2329,2/25/20,Vietnam,16,0,16
2330,2/25/20,France,14,1,11
2331,2/25/20,UK,13,0,8
2332,2/25/20,United Arab Emirates,13,0,4
2333,2/25/20,Kuwait,11,0,0
2334,2/25/20,Macau,10,0,7
2335,2/25/20,Australia,7,0,0
2336,2/25/20,Canada,7,0,0
2337,2/25/20,Spain,6,0,2
2338,2/25/20,Australia,5,0,1
2339,2/25/20,Australia,4,0,4
2340,2/25/20,Australia,4,0,4
2341,2/25/20,Canada,3,0,2
2342,2/25/20,India,3,0,3
2343,2/25/20,Philippines,3,1,1
2344,2/25/20,Australia,2,0,2
2345,2/25/20,Austria,2,0,0
2346,2/25/20,Oman,2,0,0
2347,2/25/20,Russia,2,0,2
2348,2/25/20,US,2,0,2
2349,2/25/20,US,2,0,0
2350,2/25/20,US,2,0,1
2351,2/25/20,US,2,0,1
2352,2/25/20,Afghanistan,1,0,0
2353,2/25/20,Algeria,1,0,0
2354,2/25/20,Belgium,1,0,1
2355,2/25/20,Cambodia,1,0,1
2356,2/25/20,Canada,1,0,1
2357,2/25/20,Croatia,1,0,0
2358,2/25/20,Egypt,1,0,0
2359,2/25/20,Finland,1,0,1
2360,2/25/20,Iraq,1,0,0
2361,2/25/20,Israel,1,0,0
2362,2/25/20,Lebanon,1,0,0
2363,2/25/20,China,1,0,1
2364,2/25/20,Nepal,1,0,1
2365,2/25/20,Sri Lanka,1,0,1
2366,2/25/20,Sweden,1,0,0
2367,2/25/20,Switzerland,1,0,0
2368,2/25/20,US,1,0,0
2369,2/25/20,US,1,0,0
2370,2/25/20,US,1,0,0
2371,2/25/20,US,1,0,0
2372,2/25/20,US,1,0,0
2373,2/25/20,US,1,0,0
2374,2/25/20,US,1,0,0
2375,2/25/20,US,1,0,1
2376,2/25/20,US,1,0,1
2377,2/25/20,US,0,0,0
2378,2/25/20,US,0,0,0
2379,2/25/20,US,0,0,0
2380,2/26/20,China,65187,2615,20969
2381,2/26/20,China,1347,7,851
2382,2/26/20,China,1271,19,1033
2383,2/26/20,South Korea,1261,12,22
2384,2/26/20,China,1205,1,867
2385,2/26/20,China,1016,4,783
2386,2/26/20,China,989,6,744
2387,2/26/20,China,934,1,719
2388,2/26/20,China,756,6,377
2389,2/26/20,Others,705,4,10
2390,2/26/20,China,631,0,478
2391,2/26/20,China,576,6,384
2392,2/26/20,China,531,3,307
2393,2/26/20,China,480,12,249
2394,2/26/20,Italy,453,12,3
2395,2/26/20,China,400,4,235
2396,2/26/20,China,337,3,272
2397,2/26/20,China,312,6,261
2398,2/26/20,China,294,1,218
2399,2/26/20,China,252,2,147
2400,2/26/20,China,245,1,192
2401,2/26/20,Japan,189,2,22
2402,2/26/20,China,174,2,144
2403,2/26/20,China,168,5,129
2404,2/26/20,China,146,2,104
2405,2/26/20,Iran,139,19,49
2406,2/26/20,China,135,3,96
2407,2/26/20,China,133,0,104
2408,2/26/20,China,121,1,88
2409,2/26/20,China,93,1,65
2410,2/26/20,Singapore,93,0,62
2411,2/26/20,Hong Kong,91,2,24
2412,2/26/20,China,91,2,81
2413,2/26/20,China,76,2,34
2414,2/26/20,China,75,0,38
2415,2/26/20,China,71,0,65
2416,2/26/20,US,42,0,0
2417,2/26/20,Thailand,40,0,22
2418,2/26/20,Bahrain,33,0,0
2419,2/26/20,Taiwan,32,1,5
2420,2/26/20,Germany,27,0,15
2421,2/26/20,Kuwait,26,0,0
2422,2/26/20,Malaysia,22,0,18
2423,2/26/20,France,18,2,11
2424,2/26/20,China,18,0,18
2425,2/26/20,Vietnam,16,0,16
2426,2/26/20,Spain,13,0,2
2427,2/26/20,UK,13,0,8
2428,2/26/20,United Arab Emirates,13,0,4
2429,2/26/20,Macau,10,0,7
2430,2/26/20,Australia,7,0,0
2431,2/26/20,Canada,7,0,0
2432,2/26/20,Australia,5,0,1
2433,2/26/20,Iraq,5,0,0
2434,2/26/20,Australia,4,0,4
2435,2/26/20,Australia,4,0,4
2436,2/26/20,Oman,4,0,0
2437,2/26/20,Canada,3,0,2
2438,2/26/20,Croatia,3,0,0
2439,2/26/20,India,3,0,3
2440,2/26/20,Philippines,3,1,1
2441,2/26/20,Australia,2,0,2
2442,2/26/20,Austria,2,0,0
2443,2/26/20,Finland,2,0,1
2444,2/26/20,Israel,2,0,0
2445,2/26/20,Lebanon,2,0,0
2446,2/26/20,Pakistan,2,0,0
2447,2/26/20,Russia,2,0,2
2448,2/26/20,Sweden,2,0,0
2449,2/26/20,US,2,0,2
2450,2/26/20,US,2,0,0
2451,2/26/20,US,2,0,1
2452,2/26/20,US,2,0,1
2453,2/26/20,Afghanistan,1,0,0
2454,2/26/20,Algeria,1,0,0
2455,2/26/20,Belgium,1,0,1
2456,2/26/20,Brazil,1,0,0
2457,2/26/20,Cambodia,1,0,1
2458,2/26/20,Canada,1,0,1
2459,2/26/20,Egypt,1,0,0
2460,2/26/20,Georgia,1,0,0
2461,2/26/20,Greece,1,0,0
2462,2/26/20,China,1,0,1
2463,2/26/20,Nepal,1,0,1
2464,2/26/20,North Macedonia,1,0,0
2465,2/26/20,Norway,1,0,0
2466,2/26/20,Romania,1,0,0
2467,2/26/20,Sri Lanka,1,0,1
2468,2/26/20,Switzerland,1,0,0
2469,2/26/20,US,1,0,0
2470,2/26/20,US,1,0,0
2471,2/26/20,US,1,0,0
2472,2/26/20,US,1,0,0
2473,2/26/20,US,1,0,0
2474,2/26/20,US,1,0,0
2475,2/26/20,US,1,0,0
2476,2/26/20,US,1,0,1
2477,2/26/20,US,1,0,1
2478,2/26/20,US,0,0,0
2479,2/26/20,US,0,0,0
2480,2/26/20,US,0,0,0
2481,2/27/20,China,65596,2641,23383
2482,2/27/20,South Korea,1766,13,22
2483,2/27/20,China,1347,7,890
2484,2/27/20,China,1272,20,1068
2485,2/27/20,China,1205,1,932
2486,2/27/20,China,1017,4,804
2487,2/27/20,China,989,6,792
2488,2/27/20,China,934,1,754
2489,2/27/20,China,756,6,387
2490,2/27/20,Others,705,4,10
2491,2/27/20,Italy,655,17,45
2492,2/27/20,China,631,0,498
2493,2/27/20,China,576,6,401
2494,2/27/20,China,534,3,321
2495,2/27/20,China,480,13,270
2496,2/27/20,China,410,5,248
2497,2/27/20,China,337,3,276
2498,2/27/20,China,317,6,274
2499,2/27/20,China,296,1,228
2500,2/27/20,China,252,2,161
2501,2/27/20,Iran,245,26,49
2502,2/27/20,China,245,1,195
2503,2/27/20,Japan,214,4,22
2504,2/27/20,China,174,2,150
2505,2/27/20,China,168,5,131
2506,2/27/20,China,146,2,112
2507,2/27/20,China,136,3,102
2508,2/27/20,China,133,0,107
2509,2/27/20,China,121,1,93
2510,2/27/20,China,93,1,67
2511,2/27/20,Singapore,93,0,62
2512,2/27/20,Hong Kong,92,2,24
2513,2/27/20,China,91,2,81
2514,2/27/20,China,76,2,43
2515,2/27/20,China,75,0,43
2516,2/27/20,China,72,0,68
2517,2/27/20,Germany,46,0,16
2518,2/27/20,Kuwait,43,0,0
2519,2/27/20,US,42,0,0
2520,2/27/20,Thailand,40,0,22
2521,2/27/20,France,38,2,11
2522,2/27/20,Bahrain,33,0,0
2523,2/27/20,Taiwan,32,1,5
2524,2/27/20,Malaysia,23,0,18
2525,2/27/20,China,18,0,18
2526,2/27/20,Vietnam,16,0,16
2527,2/27/20,Spain,15,0,2
2528,2/27/20,UK,15,0,8
2529,2/27/20,United Arab Emirates,13,0,4
2530,2/27/20,Macau,10,0,8
2531,2/27/20,Australia,8,0,0
2532,2/27/20,Switzerland,8,0,0
2533,2/27/20,Canada,7,0,3
2534,2/27/20,Iraq,7,0,0
2535,2/27/20,Sweden,7,0,0
2536,2/27/20,Australia,5,0,1
2537,2/27/20,Canada,5,0,2
2538,2/27/20,Australia,4,0,4
2539,2/27/20,Australia,4,0,4
2540,2/27/20,Oman,4,0,0
2541,2/27/20,Austria,3,0,0
2542,2/27/20,Croatia,3,0,0
2543,2/27/20,Greece,3,0,0
2544,2/27/20,India,3,0,3
2545,2/27/20,Israel,3,0,1
2546,2/27/20,Philippines,3,1,1
2547,2/27/20,Australia,2,0,2
2548,2/27/20,Finland,2,0,1
2549,2/27/20,Lebanon,2,0,0
2550,2/27/20,Pakistan,2,0,0
2551,2/27/20,Russia,2,0,2
2552,2/27/20,US,2,0,2
2553,2/27/20,US,2,0,0
2554,2/27/20,US,2,0,0
2555,2/27/20,US,2,0,1
2556,2/27/20,US,2,0,1
2557,2/27/20,Afghanistan,1,0,0
2558,2/27/20,Algeria,1,0,0
2559,2/27/20,Belgium,1,0,1
2560,2/27/20,Brazil,1,0,0
2561,2/27/20,Cambodia,1,0,1
2562,2/27/20,Canada,1,0,1
2563,2/27/20,Denmark,1,0,0
2564,2/27/20,Egypt,1,0,0
2565,2/27/20,Estonia,1,0,0
2566,2/27/20,Georgia,1,0,0
2567,2/27/20,China,1,0,1
2568,2/27/20,Nepal,1,0,1
2569,2/27/20,Netherlands,1,0,0
2570,2/27/20,North Macedonia,1,0,0
2571,2/27/20,Norway,1,0,0
2572,2/27/20,Romania,1,0,0
2573,2/27/20,San Marino,1,0,0
2574,2/27/20,Sri Lanka,1,0,1
2575,2/27/20,US,1,0,0
2576,2/27/20,US,1,0,0
2577,2/27/20,US,1,0,0
2578,2/27/20,US,1,0,0
2579,2/27/20,US,1,0,0
2580,2/27/20,US,1,0,0
2581,2/27/20,US,1,0,1
2582,2/27/20,US,1,0,1
2583,2/27/20,US,0,0,0
2584,2/27/20,US,0,0,0
2585,2/27/20,US,0,0,0
2586,2/28/20,China,65914,2682,26403
2587,2/28/20,South Korea,2337,13,22
2588,2/28/20,China,1348,7,935
2589,2/28/20,China,1272,20,1112
2590,2/28/20,China,1205,1,975
2591,2/28/20,China,1017,4,830
2592,2/28/20,China,990,6,821
2593,2/28/20,China,935,1,790
2594,2/28/20,Italy,888,21,46
2595,2/28/20,China,756,6,405
2596,2/28/20,Others,705,6,10
2597,2/28/20,China,631,0,515
2598,2/28/20,China,576,6,422
2599,2/28/20,China,538,3,338
2600,2/28/20,China,480,13,283
2601,2/28/20,China,410,7,257
2602,2/28/20,Iran,388,34,73
2603,2/28/20,China,337,3,279
2604,2/28/20,China,318,6,277
2605,2/28/20,China,296,1,235
2606,2/28/20,China,252,2,168
2607,2/28/20,China,245,1,199
2608,2/28/20,Japan,228,4,22
2609,2/28/20,China,174,2,156
2610,2/28/20,China,168,5,133
2611,2/28/20,China,146,2,112
2612,2/28/20,China,136,3,102
2613,2/28/20,China,133,0,112
2614,2/28/20,China,121,1,93
2615,2/28/20,Hong Kong,94,2,30
2616,2/28/20,China,93,1,73
2617,2/28/20,Singapore,93,0,62
2618,2/28/20,China,91,2,82
2619,2/28/20,China,76,3,52
2620,2/28/20,China,75,0,45
2621,2/28/20,China,72,0,68
2622,2/28/20,France,57,2,11
2623,2/28/20,Germany,48,0,16
2624,2/28/20,Kuwait,45,0,0
2625,2/28/20,US,44,0,0
2626,2/28/20,Thailand,41,0,28
2627,2/28/20,Bahrain,36,0,0
2628,2/28/20,Taiwan,34,1,6
2629,2/28/20,Spain,32,0,2
2630,2/28/20,Malaysia,23,0,18
2631,2/28/20,UK,20,0,8
2632,2/28/20,United Arab Emirates,19,0,5
2633,2/28/20,China,18,0,18
2634,2/28/20,Vietnam,16,0,16
2635,2/28/20,Macau,10,0,8
2636,2/28/20,Australia,8,0,0
2637,2/28/20,Switzerland,8,0,0
2638,2/28/20,Canada,7,0,3
2639,2/28/20,Iraq,7,0,0
2640,2/28/20,Sweden,7,0,0
2641,2/28/20,Norway,6,0,0
2642,2/28/20,Australia,5,0,1
2643,2/28/20,Canada,5,0,2
2644,2/28/20,Croatia,5,0,0
2645,2/28/20,Australia,4,0,4
2646,2/28/20,Australia,4,0,4
2647,2/28/20,Greece,4,0,0
2648,2/28/20,Israel,4,0,1
2649,2/28/20,Oman,4,0,0
2650,2/28/20,Austria,3,0,0
2651,2/28/20,India,3,0,3
2652,2/28/20,Philippines,3,1,1
2653,2/28/20,Romania,3,0,0
2654,2/28/20,Australia,2,0,2
2655,2/28/20,Finland,2,0,1
2656,2/28/20,Lebanon,2,0,0
2657,2/28/20,Pakistan,2,0,0
2658,2/28/20,Russia,2,0,2
2659,2/28/20,US,2,0,2
2660,2/28/20,US,2,0,0
2661,2/28/20,US,2,0,0
2662,2/28/20,US,2,0,1
2663,2/28/20,US,2,0,1
2664,2/28/20, Azerbaijan,1,0,0
2665,2/28/20,Afghanistan,1,0,0
2666,2/28/20,Algeria,1,0,0
2667,2/28/20,Belarus,1,0,0
2668,2/28/20,Belgium,1,0,1
2669,2/28/20,Brazil,1,0,0
2670,2/28/20,Cambodia,1,0,1
2671,2/28/20,Canada,1,0,0
2672,2/28/20,Canada,1,0,1
2673,2/28/20,Denmark,1,0,0
2674,2/28/20,Egypt,1,0,1
2675,2/28/20,Estonia,1,0,0
2676,2/28/20,Georgia,1,0,0
2677,2/28/20,Iceland,1,0,0
2678,2/28/20,Lithuania,1,0,0
2679,2/28/20,China,1,0,1
2680,2/28/20,Mexico,1,0,0
2681,2/28/20,Nepal,1,0,1
2682,2/28/20,Netherlands,1,0,0
2683,2/28/20,New Zealand,1,0,0
2684,2/28/20,Nigeria,1,0,0
2685,2/28/20,North Ireland,1,0,0
2686,2/28/20,North Macedonia,1,0,0
2687,2/28/20,San Marino,1,0,0
2688,2/28/20,Sri Lanka,1,0,1
2689,2/28/20,US,1,0,1
2690,2/28/20,US,1,0,0
2691,2/28/20,US,1,0,0
2692,2/28/20,US,1,0,0
2693,2/28/20,US,1,0,0
2694,2/28/20,US,1,0,0
2695,2/28/20,US,1,0,1
2696,2/28/20,US,1,0,1
2697,2/28/20,US,0,0,0
2698,2/28/20,US,0,0,0
2699,2/28/20,US,0,0,0
2700,2/29/20,China,66337,2727,28993
2701,2/29/20,South Korea,3150,16,27
2702,2/29/20,China,1349,7,983
2703,2/29/20,China,1272,21,1170
2704,2/29/20,China,1205,1,1016
2705,2/29/20,Italy,1128,29,46
2706,2/29/20,China,1018,4,846
2707,2/29/20,China,990,6,868
2708,2/29/20,China,935,1,811
2709,2/29/20,China,756,6,421
2710,2/29/20,Others,705,6,10
2711,2/29/20,China,631,0,523
2712,2/29/20,Iran,593,43,123
2713,2/29/20,China,576,6,438
2714,2/29/20,China,538,3,351
2715,2/29/20,China,480,13,301
2716,2/29/20,China,411,8,271
2717,2/29/20,China,337,3,287
2718,2/29/20,China,318,6,282
2719,2/29/20,China,296,1,243
2720,2/29/20,China,252,2,176
2721,2/29/20,China,245,1,207
2722,2/29/20,Japan,241,5,32
2723,2/29/20,China,174,2,157
2724,2/29/20,China,168,5,148
2725,2/29/20,China,146,2,112
2726,2/29/20,China,136,3,109
2727,2/29/20,China,133,0,114
2728,2/29/20,China,121,1,96
2729,2/29/20,Singapore,102,0,72
2730,2/29/20,France,100,2,12
2731,2/29/20,Hong Kong,95,2,33
2732,2/29/20,China,93,1,75
2733,2/29/20,China,91,2,82
2734,2/29/20,Germany,79,0,16
2735,2/29/20,China,76,3,62
2736,2/29/20,China,75,0,49
2737,2/29/20,China,73,0,69
2738,2/29/20,Kuwait,45,0,0
2739,2/29/20,Spain,45,0,2
2740,2/29/20,US,44,0,0
2741,2/29/20,Thailand,42,0,28
2742,2/29/20,Bahrain,41,0,0
2743,2/29/20,Taiwan,39,1,9
2744,2/29/20,Malaysia,25,0,18
2745,2/29/20,UK,23,0,8
2746,2/29/20,United Arab Emirates,21,0,5
2747,2/29/20,China,18,0,18
2748,2/29/20,Switzerland,18,0,0
2749,2/29/20,Vietnam,16,0,16
2750,2/29/20,Norway,15,0,0
2751,2/29/20,Iraq,13,0,0
2752,2/29/20,Sweden,12,0,0
2753,2/29/20,Canada,10,0,2
2754,2/29/20,Macau,10,0,8
2755,2/29/20,Australia,9,0,1
2756,2/29/20,Austria,9,0,0
2757,2/29/20,Canada,8,0,3
2758,2/29/20,Australia,7,0,4
2759,2/29/20,Israel,7,0,1
2760,2/29/20,Croatia,6,0,0
2761,2/29/20,Netherlands,6,0,0
2762,2/29/20,Oman,6,0,1
2763,2/29/20,US,6,1,1
2764,2/29/20,Australia,4,0,4
2765,2/29/20,Greece,4,0,0
2766,2/29/20,Lebanon,4,0,0
2767,2/29/20,Mexico,4,0,0
2768,2/29/20,Pakistan,4,0,0
2769,2/29/20,Australia,3,0,2
2770,2/29/20,Denmark,3,0,0
2771,2/29/20,Finland,3,0,1
2772,2/29/20,India,3,0,3
2773,2/29/20,Philippines,3,1,1
2774,2/29/20,Romania,3,0,0
2775,2/29/20,US,3,0,1
2776,2/29/20,Australia,2,0,0
2777,2/29/20,Brazil,2,0,0
2778,2/29/20,Russia,2,0,2
2779,2/29/20,US,2,0,2
2780,2/29/20,US,2,0,0
2781,2/29/20,US,2,0,0
2782,2/29/20,US,2,0,1
2783,2/29/20,Afghanistan,1,0,0
2784,2/29/20,Algeria,1,0,0
2785,2/29/20,Belarus,1,0,0
2786,2/29/20,Belgium,1,0,1
2787,2/29/20,Cambodia,1,0,1
2788,2/29/20,Canada,1,0,0
2789,2/29/20,Canada,1,0,1
2790,2/29/20,Egypt,1,0,1
2791,2/29/20,Estonia,1,0,0
2792,2/29/20,Georgia,1,0,0
2793,2/29/20,Iceland,1,0,0
2794,2/29/20,Ireland,1,0,0
2795,2/29/20,Lithuania,1,0,0
2796,2/29/20,Luxembourg,1,0,0
2797,2/29/20,China,1,0,1
2798,2/29/20,Monaco,1,0,0
2799,2/29/20,Nepal,1,0,1
2800,2/29/20,New Zealand,1,0,0
2801,2/29/20,Nigeria,1,0,0
2802,2/29/20,North Macedonia,1,0,0
2803,2/29/20,Qatar,1,0,0
2804,2/29/20,San Marino,1,0,0
2805,2/29/20,Sri Lanka,1,0,1
2806,2/29/20,US,1,0,1
2807,2/29/20,US,1,0,0
2808,2/29/20,US,1,0,0
2809,2/29/20,US,1,0,0
2810,2/29/20,US,1,0,0
2811,2/29/20,US,1,0,0
2812,2/29/20,US,1,0,0
2813,2/29/20,US,1,0,0
2814,2/29/20,US,1,0,1
2815,2/29/20,Australia,0,0,0
2816,2/29/20,US,0,0,0
2817,2/29/20,US,0,0,0
2818,2/29/20,US,0,0,0
2819,3/1/20,China,66907,2761,31536
2820,3/1/20,South Korea,3736,17,30
2821,3/1/20,Italy,1694,34,83
2822,3/1/20,China,1349,7,1016
2823,3/1/20,China,1272,22,1198
2824,3/1/20,China,1205,1,1046
2825,3/1/20,China,1018,4,866
2826,3/1/20,China,990,6,873
2827,3/1/20,Iran,978,54,175
2828,3/1/20,China,935,1,831
2829,3/1/20,China,758,6,443
2830,3/1/20,Others,705,6,10
2831,3/1/20,China,631,0,536
2832,3/1/20,China,576,6,450
2833,3/1/20,China,538,3,365
2834,3/1/20,China,480,13,342
2835,3/1/20,China,413,8,276
2836,3/1/20,China,337,3,290
2837,3/1/20,China,318,6,294
2838,3/1/20,China,296,1,247
2839,3/1/20,Japan,256,6,32
2840,3/1/20,China,252,2,181
2841,3/1/20,China,245,1,208
2842,3/1/20,China,174,2,163
2843,3/1/20,China,168,5,149
2844,3/1/20,China,146,2,112
2845,3/1/20,China,136,3,111
2846,3/1/20,China,133,0,116
2847,3/1/20,France,130,2,12
2848,3/1/20,Germany,130,0,16
2849,3/1/20,China,122,1,103
2850,3/1/20,Singapore,106,0,72
2851,3/1/20,Hong Kong,96,2,36
2852,3/1/20,China,93,1,78
2853,3/1/20,China,91,2,84
2854,3/1/20,Spain,84,0,2
2855,3/1/20,China,76,3,64
2856,3/1/20,China,75,0,52
2857,3/1/20,China,73,0,69
2858,3/1/20,Bahrain,47,0,0
2859,3/1/20,Kuwait,45,0,0
2860,3/1/20,US,44,0,0
2861,3/1/20,Thailand,42,1,28
2862,3/1/20,Taiwan,40,1,9
2863,3/1/20,UK,36,0,8
2864,3/1/20,Malaysia,29,0,18
2865,3/1/20,Switzerland,27,0,0
2866,3/1/20,United Arab Emirates,21,0,5
2867,3/1/20,Iraq,19,0,0
2868,3/1/20,Norway,19,0,0
2869,3/1/20,China,18,0,18
2870,3/1/20,Vietnam,16,0,16
2871,3/1/20,Austria,14,0,0
2872,3/1/20,Canada,14,0,2
2873,3/1/20,Sweden,14,0,0
2874,3/1/20,Israel,10,0,1
2875,3/1/20,Lebanon,10,0,0
2876,3/1/20,Macau,10,0,8
2877,3/1/20,Netherlands,10,0,0
2878,3/1/20,Australia,9,0,1
2879,3/1/20,US,9,1,1
2880,3/1/20,Canada,8,0,3
2881,3/1/20,Australia,7,0,4
2882,3/1/20,Croatia,7,0,0
2883,3/1/20,Greece,7,0,0
2884,3/1/20,Australia,6,0,4
2885,3/1/20,Ecuador,6,0,0
2886,3/1/20,Finland,6,0,1
2887,3/1/20,Oman,6,0,1
2888,3/1/20,Mexico,5,0,0
2889,3/1/20,Denmark,4,0,0
2890,3/1/20,Pakistan,4,0,0
2891,3/1/20,Australia,3,0,2
2892,3/1/20,Azerbaijan,3,0,0
2893,3/1/20,Czech Republic,3,0,0
2894,3/1/20,Georgia,3,0,0
2895,3/1/20,Iceland,3,0,0
2896,3/1/20,India,3,0,3
2897,3/1/20,Philippines,3,1,1
2898,3/1/20,Qatar,3,0,0
2899,3/1/20,Romania,3,0,0
2900,3/1/20,US,3,0,2
2901,3/1/20,US,3,0,1
2902,3/1/20,Australia,2,1,0
2903,3/1/20,Belgium,2,0,1
2904,3/1/20,Brazil,2,0,0
2905,3/1/20,Egypt,2,0,1
2906,3/1/20,Russia,2,0,2
2907,3/1/20,US,2,0,0
2908,3/1/20,US,2,0,0
2909,3/1/20,US,2,0,1
2910,3/1/20,US,2,0,0
2911,3/1/20,Afghanistan,1,0,0
2912,3/1/20,Algeria,1,0,0
2913,3/1/20,Armenia,1,0,0
2914,3/1/20,Belarus,1,0,0
2915,3/1/20,Cambodia,1,0,1
2916,3/1/20,Canada,1,0,0
2917,3/1/20,Canada,1,0,1
2918,3/1/20,Dominican Republic,1,0,0
2919,3/1/20,Estonia,1,0,0
2920,3/1/20,Ireland,1,0,0
2921,3/1/20,Lithuania,1,0,0
2922,3/1/20,Luxembourg,1,0,0
2923,3/1/20,China,1,0,1
2924,3/1/20,Monaco,1,0,0
2925,3/1/20,Nepal,1,0,1
2926,3/1/20,New Zealand,1,0,0
2927,3/1/20,Nigeria,1,0,0
2928,3/1/20,North Macedonia,1,0,0
2929,3/1/20,San Marino,1,0,0
2930,3/1/20,Sri Lanka,1,0,1
2931,3/1/20,US,1,0,1
2932,3/1/20,US,1,0,0
2933,3/1/20,US,1,0,0
2934,3/1/20,US,1,0,0
2935,3/1/20,US,1,0,0
2936,3/1/20,US,1,0,0
2937,3/1/20,US,1,0,0
2938,3/1/20,US,1,0,0
2939,3/1/20,US,1,0,1
2940,3/1/20,Australia,0,0,0
2941,3/1/20,US,0,0,0
2942,3/1/20,US,0,0,0
2943,3/1/20,US,0,0,0
2944,3/2/20,China,67103,2803,33934
2945,3/2/20,South Korea,4335,28,30
2946,3/2/20,Italy,2036,52,149
2947,3/2/20,Iran,1501,66,291
2948,3/2/20,China,1350,7,1059
2949,3/2/20,China,1272,22,1205
2950,3/2/20,China,1206,1,1069
2951,3/2/20,China,1018,4,887
2952,3/2/20,China,990,6,917
2953,3/2/20,China,935,1,850
2954,3/2/20,China,758,6,460
2955,3/2/20,Others,705,6,10
2956,3/2/20,China,631,0,543
2957,3/2/20,China,576,6,469
2958,3/2/20,China,538,3,386
2959,3/2/20,China,480,13,356
2960,3/2/20,China,414,8,282
2961,3/2/20,China,337,3,292
2962,3/2/20,China,318,6,296
2963,3/2/20,China,296,1,255
2964,3/2/20,Japan,274,6,32
2965,3/2/20,China,252,2,192
2966,3/2/20,China,245,1,216
2967,3/2/20,France,191,3,12
2968,3/2/20,China,174,2,168
2969,3/2/20,China,168,5,151
2970,3/2/20,Germany,159,0,16
2971,3/2/20,China,146,2,114
2972,3/2/20,China,136,3,111
2973,3/2/20,China,133,0,119
2974,3/2/20,China,122,1,103
2975,3/2/20,Spain,120,0,2
2976,3/2/20,Singapore,108,0,78
2977,3/2/20,Hong Kong,100,2,36
2978,3/2/20,China,93,1,83
2979,3/2/20,China,91,2,85
2980,3/2/20,China,76,3,66
2981,3/2/20,China,75,0,54
2982,3/2/20,China,74,0,69
2983,3/2/20,Kuwait,56,0,0
2984,3/2/20,Bahrain,49,0,0
2985,3/2/20,US,45,0,0
2986,3/2/20,Thailand,43,1,31
2987,3/2/20,Switzerland,42,0,0
2988,3/2/20,Taiwan,41,1,12
2989,3/2/20,UK,40,0,8
2990,3/2/20,Malaysia,29,0,18
2991,3/2/20,Iraq,26,0,0
2992,3/2/20,Norway,25,0,0
2993,3/2/20,United Arab Emirates,21,0,5
2994,3/2/20,Austria,18,0,0
2995,3/2/20,China,18,0,18
2996,3/2/20,Netherlands,18,0,0
2997,3/2/20,Canada,17,0,2
2998,3/2/20,Vietnam,16,0,16
2999,3/2/20,Sweden,15,0,0
3000,3/2/20,US,14,5,1
3001,3/2/20,Lebanon,13,0,0
3002,3/2/20,Israel,10,0,1
3003,3/2/20,Macau,10,0,8
3004,3/2/20,Australia,9,0,1
3005,3/2/20,Australia,9,0,4
3006,3/2/20,US,9,0,1
3007,3/2/20,Belgium,8,0,1
3008,3/2/20,Canada,8,0,3
3009,3/2/20,San Marino,8,0,0
3010,3/2/20,Croatia,7,0,0
3011,3/2/20,Greece,7,0,0
3012,3/2/20,Australia,6,0,4
3013,3/2/20,Ecuador,6,0,0
3014,3/2/20,Finland,6,0,1
3015,3/2/20,Iceland,6,0,0
3016,3/2/20,Oman,6,0,1
3017,3/2/20,India,5,0,3
3018,3/2/20,Mexico,5,0,0
3019,3/2/20,Denmark,4,0,0
3020,3/2/20,Pakistan,4,0,0
3021,3/2/20,US,4,0,2
3022,3/2/20,US,4,1,0
3023,3/2/20,Algeria,3,0,0
3024,3/2/20,Australia,3,0,2
3025,3/2/20,Azerbaijan,3,0,0
3026,3/2/20,Czech Republic,3,0,0
3027,3/2/20,Georgia,3,0,0
3028,3/2/20,Philippines,3,1,1
3029,3/2/20,Qatar,3,0,0
3030,3/2/20,Romania,3,0,0
3031,3/2/20,Russia,3,0,2
3032,3/2/20,Australia,2,1,0
3033,3/2/20,Brazil,2,0,0
3034,3/2/20,Egypt,2,0,1
3035,3/2/20,Indonesia,2,0,0
3036,3/2/20,Portugal,2,0,0
3037,3/2/20,US,2,0,0
3038,3/2/20,US,2,0,0
3039,3/2/20,US,2,0,0
3040,3/2/20,US,2,0,0
3041,3/2/20,US,2,0,1
3042,3/2/20,Afghanistan,1,0,0
3043,3/2/20,Andorra,1,0,0
3044,3/2/20,Armenia,1,0,0
3045,3/2/20,Australia,1,0,0
3046,3/2/20,Belarus,1,0,0
3047,3/2/20,Cambodia,1,0,1
3048,3/2/20,Canada,1,0,0
3049,3/2/20,Canada,1,0,1
3050,3/2/20,Dominican Republic,1,0,0
3051,3/2/20,Estonia,1,0,0
3052,3/2/20,Ireland,1,0,0
3053,3/2/20,Latvia,1,0,0
3054,3/2/20,Lithuania,1,0,0
3055,3/2/20,Luxembourg,1,0,0
3056,3/2/20,Mainland China,1,0,1
3057,3/2/20,Monaco,1,0,0
3058,3/2/20,Morocco,1,0,0
3059,3/2/20,Nepal,1,0,1
3060,3/2/20,New Zealand,1,0,0
3061,3/2/20,Nigeria,1,0,0
3062,3/2/20,North Macedonia,1,0,0
3063,3/2/20,Saudi Arabia,1,0,0
3064,3/2/20,Senegal,1,0,0
3065,3/2/20,Sri Lanka,1,0,1
3066,3/2/20,US,1,0,1
3067,3/2/20,US,1,0,0
3068,3/2/20,US,1,0,0
3069,3/2/20,US,1,0,0
3070,3/2/20,US,1,0,0
3071,3/2/20,US,1,0,0
3072,3/2/20,US,1,0,0
3073,3/2/20,US,1,0,0
3074,3/2/20,US,1,0,0
3075,3/2/20,US,1,0,0
3076,3/2/20,US,1,0,0
3077,3/2/20,US,1,0,0
3078,3/2/20,US,1,0,0
3079,3/2/20,US,1,0,1
3080,3/2/20,US,1,0,0
3081,3/2/20,Australia,0,0,0
3082,3/2/20,US,0,0,0
3083,3/2/20,US,0,0,0
3084,3/2/20,US,0,0,0
3085,3/3/20,China,67217,2835,36208
3086,3/3/20,South Korea,5186,28,30
3087,3/3/20,Italy,2502,79,160
3088,3/3/20,Iran,2336,77,291
3089,3/3/20,China,1350,7,1101
3090,3/3/20,China,1272,22,1231
3091,3/3/20,China,1213,1,1093
3092,3/3/20,China,1018,4,906
3093,3/3/20,China,990,6,936
3094,3/3/20,China,935,1,870
3095,3/3/20,China,758,6,511
3096,3/3/20,Others,706,6,10
3097,3/3/20,China,631,0,562
3098,3/3/20,China,576,6,490
3099,3/3/20,China,538,3,394
3100,3/3/20,China,480,13,366
3101,3/3/20,China,414,8,288
3102,3/3/20,China,338,3,294
3103,3/3/20,China,318,6,300
3104,3/3/20,China,296,1,260
3105,3/3/20,Japan,293,6,43
3106,3/3/20,China,252,2,202
3107,3/3/20,China,245,1,216
3108,3/3/20,France,204,4,12
3109,3/3/20,Germany,196,0,16
3110,3/3/20,China,174,2,169
3111,3/3/20,China,168,5,155
3112,3/3/20,Spain,165,1,2
3113,3/3/20,China,146,2,114
3114,3/3/20,China,136,3,124
3115,3/3/20,China,133,0,124
3116,3/3/20,China,125,1,106
3117,3/3/20,Singapore,110,0,78
3118,3/3/20,Hong Kong,100,2,37
3119,3/3/20,China,93,1,83
3120,3/3/20,China,91,2,86
3121,3/3/20,China,76,3,68
3122,3/3/20,China,75,1,59
3123,3/3/20,China,74,0,69
3124,3/3/20,Kuwait,56,0,0
3125,3/3/20,Switzerland,56,0,2
3126,3/3/20,UK,51,0,8
3127,3/3/20,Bahrain,49,0,0
3128,3/3/20,US,45,0,0
3129,3/3/20,Thailand,43,1,31
3130,3/3/20,Taiwan,42,1,12
3131,3/3/20,Malaysia,36,0,22
3132,3/3/20,Iraq,32,0,0
3133,3/3/20,Norway,32,0,0
3134,3/3/20,United Arab Emirates,27,0,5
3135,3/3/20,Netherlands,24,0,0
3136,3/3/20,Austria,21,0,0
3137,3/3/20,Sweden,21,0,0
3138,3/3/20,US,21,6,1
3139,3/3/20,Canada,19,0,2
3140,3/3/20,China,18,0,18
3141,3/3/20,Vietnam,16,0,16
3142,3/3/20,Australia,13,0,4
3143,3/3/20,Belgium,13,0,1
3144,3/3/20,Lebanon,13,0,0
3145,3/3/20,Israel,12,0,1
3146,3/3/20,Oman,12,0,2
3147,3/3/20,Australia,11,0,1
3148,3/3/20,Iceland,11,0,0
3149,3/3/20,US,11,0,1
3150,3/3/20,Macau,10,0,9
3151,3/3/20,San Marino,10,1,0
3152,3/3/20,Australia,9,0,4
3153,3/3/20,Canada,9,0,3
3154,3/3/20,Croatia,9,0,0
3155,3/3/20,Ecuador,7,0,0
3156,3/3/20,Greece,7,0,0
3157,3/3/20,Qatar,7,0,0
3158,3/3/20,Denmark,6,0,0
3159,3/3/20,Finland,6,0,1
3160,3/3/20,US,6,1,0
3161,3/3/20,Algeria,5,0,0
3162,3/3/20,Czech Republic,5,0,0
3163,3/3/20,India,5,0,3
3164,3/3/20,Mexico,5,0,1
3165,3/3/20,Pakistan,5,0,0
3166,3/3/20,US,4,0,2
3167,3/3/20,Australia,3,0,2
3168,3/3/20,Azerbaijan,3,0,0
3169,3/3/20,Georgia,3,0,0
3170,3/3/20,Philippines,3,1,1
3171,3/3/20,Romania,3,0,0
3172,3/3/20,Russia,3,0,2
3173,3/3/20,Australia,2,1,0
3174,3/3/20,Brazil,2,0,0
3175,3/3/20,Egypt,2,0,1
3176,3/3/20,Estonia,2,0,0
3177,3/3/20,Indonesia,2,0,0
3178,3/3/20,Ireland,2,0,0
3179,3/3/20,Portugal,2,0,0
3180,3/3/20,Senegal,2,0,0
3181,3/3/20,US,2,0,0
3182,3/3/20,US,2,0,0
3183,3/3/20,US,2,0,0
3184,3/3/20,US,2,0,0
3185,3/3/20,US,2,0,0
3186,3/3/20,US,2,0,0
3187,3/3/20,US,2,0,1
3188,3/3/20,US,2,0,0
3189,3/3/20,US,2,0,0
3190,3/3/20,Afghanistan,1,0,0
3191,3/3/20,Andorra,1,0,0
3192,3/3/20,Argentina,1,0,0
3193,3/3/20,Armenia,1,0,0
3194,3/3/20,Australia,1,0,0
3195,3/3/20,Belarus,1,0,0
3196,3/3/20,Cambodia,1,0,1
3197,3/3/20,Canada,1,0,0
3198,3/3/20,Canada,1,0,1
3199,3/3/20,Chile,1,0,0
3200,3/3/20,Dominican Republic,1,0,0
3201,3/3/20,Jordan,1,0,0
3202,3/3/20,Latvia,1,0,0
3203,3/3/20,Lithuania,1,0,0
3204,3/3/20,Luxembourg,1,0,0
3205,3/3/20,Mainland China,1,0,1
3206,3/3/20,Monaco,1,0,0
3207,3/3/20,Morocco,1,0,0
3208,3/3/20,Nepal,1,0,1
3209,3/3/20,New Zealand,1,0,0
3210,3/3/20,Nigeria,1,0,0
3211,3/3/20,North Macedonia,1,0,0
3212,3/3/20,Saudi Arabia,1,0,0
3213,3/3/20,Sri Lanka,1,0,1
3214,3/3/20,US,1,0,0
3215,3/3/20,US,1,0,0
3216,3/3/20,US,1,0,1
3217,3/3/20,US,1,0,0
3218,3/3/20,US,1,0,0
3219,3/3/20,US,1,0,1
3220,3/3/20,US,1,0,0
3221,3/3/20,US,1,0,0
3222,3/3/20,US,1,0,0
3223,3/3/20,US,1,0,0
3224,3/3/20,US,1,0,0
3225,3/3/20,US,1,0,0
3226,3/3/20,US,1,0,0
3227,3/3/20,US,1,0,1
3228,3/3/20,US,1,0,0
3229,3/3/20,US,1,0,0
3230,3/3/20,US,1,0,0
3231,3/3/20,Ukraine,1,0,0
3232,3/3/20,Australia,0,0,0
3233,3/3/20,US,0,0,0
3234,3/3/20,US,0,0,0
3235,3/3/20,US,0,0,0
3236,3/4/20,China,67332,2871,38557
3237,3/4/20,South Korea,5621,35,41
3238,3/4/20,Italy,3089,107,276
3239,3/4/20,Iran,2922,92,552
3240,3/4/20,China,1350,7,1133
3241,3/4/20,China,1272,22,1234
3242,3/4/20,China,1213,1,1114
3243,3/4/20,China,1018,4,916
3244,3/4/20,China,990,6,956
3245,3/4/20,China,935,1,884
3246,3/4/20,China,758,6,516
3247,3/4/20,Others,706,6,10
3248,3/4/20,China,631,0,577
3249,3/4/20,China,576,6,502
3250,3/4/20,China,538,3,406
3251,3/4/20,China,480,13,373
3252,3/4/20,China,418,8,297
3253,3/4/20,China,338,3,298
3254,3/4/20,Japan,331,6,43
3255,3/4/20,China,318,6,301
3256,3/4/20,China,296,1,270
3257,3/4/20,France,285,4,12
3258,3/4/20,Germany,262,0,16
3259,3/4/20,China,252,2,210
3260,3/4/20,China,245,1,223
3261,3/4/20,Spain,222,2,2
3262,3/4/20,China,174,2,169
3263,3/4/20,China,168,5,158
3264,3/4/20,China,146,2,114
3265,3/4/20,China,136,3,124
3266,3/4/20,China,133,0,124
3267,3/4/20,China,125,1,106
3268,3/4/20,Singapore,110,0,78
3269,3/4/20,Hong Kong,105,2,37
3270,3/4/20,China,93,1,86
3271,3/4/20,China,91,2,87
3272,3/4/20,Switzerland,90,0,3
3273,3/4/20,UK,85,0,8
3274,3/4/20,China,76,3,69
3275,3/4/20,China,75,1,63
3276,3/4/20,China,75,0,69
3277,3/4/20,Kuwait,56,0,0
3278,3/4/20,Norway,56,0,0
3279,3/4/20,Bahrain,52,0,0
3280,3/4/20,Malaysia,50,0,22
3281,3/4/20,US,45,0,0
3282,3/4/20,Thailand,43,1,31
3283,3/4/20,Taiwan,42,1,12
3284,3/4/20,Netherlands,38,0,0
3285,3/4/20,Iraq,35,2,0
3286,3/4/20,Sweden,35,0,0
3287,3/4/20,US,31,9,1
3288,3/4/20,Austria,29,0,0
3289,3/4/20,India,28,0,3
3290,3/4/20,United Arab Emirates,27,0,5
3291,3/4/20,Iceland,26,0,0
3292,3/4/20,Belgium,23,0,1
3293,3/4/20,Australia,22,1,4
3294,3/4/20,Canada,19,0,2
3295,3/4/20,China,18,0,18
3296,3/4/20,San Marino,16,1,0
3297,3/4/20,Vietnam,16,0,16
3298,3/4/20,Israel,15,0,1
3299,3/4/20,Oman,15,0,2
3300,3/4/20,Lebanon,13,0,1
3301,3/4/20,Algeria,12,0,0
3302,3/4/20,Canada,12,0,3
3303,3/4/20,Australia,11,0,1
3304,3/4/20,US,11,0,1
3305,3/4/20,Australia,10,0,4
3306,3/4/20,Croatia,10,0,0
3307,3/4/20,Denmark,10,0,0
3308,3/4/20,Ecuador,10,0,0
3309,3/4/20,Macau,10,0,9
3310,3/4/20,US,10,0,0
3311,3/4/20,Greece,9,0,0
3312,3/4/20,Czech Republic,8,0,0
3313,3/4/20,Qatar,8,0,0
3314,3/4/20,US,8,1,0
3315,3/4/20,US,7,0,0
3316,3/4/20,Belarus,6,0,0
3317,3/4/20,Finland,6,0,1
3318,3/4/20,Ireland,6,0,0
3319,3/4/20,Australia,5,0,2
3320,3/4/20,Mexico,5,0,1
3321,3/4/20,Pakistan,5,0,0
3322,3/4/20,Portugal,5,0,0
3323,3/4/20,Brazil,4,0,0
3324,3/4/20,Romania,4,0,1
3325,3/4/20,Senegal,4,0,0
3326,3/4/20,US,4,0,2
3327,3/4/20,Azerbaijan,3,0,0
3328,3/4/20,Georgia,3,0,0
3329,3/4/20,New Zealand,3,0,0
3330,3/4/20,Philippines,3,1,1
3331,3/4/20,Russia,3,0,2
3332,3/4/20,Saint Barthelemy,3,0,0
3333,3/4/20,US,3,0,0
3334,3/4/20,Australia,2,1,0
3335,3/4/20,Egypt,2,0,1
3336,3/4/20,Estonia,2,0,0
3337,3/4/20,Hungary,2,0,0
3338,3/4/20,Indonesia,2,0,0
3339,3/4/20,US,2,0,0
3340,3/4/20,US,2,0,0
3341,3/4/20,US,2,0,0
3342,3/4/20,US,2,1,0
3343,3/4/20,US,2,0,0
3344,3/4/20,US,2,0,0
3345,3/4/20,US,2,0,0
3346,3/4/20,US,2,0,1
3347,3/4/20,US,2,0,0
3348,3/4/20,US,2,0,0
3349,3/4/20,Afghanistan,1,0,0
3350,3/4/20,Andorra,1,0,0
3351,3/4/20,Argentina,1,0,0
3352,3/4/20,Armenia,1,0,0
3353,3/4/20,Australia,1,0,0
3354,3/4/20,Australia,1,0,0
3355,3/4/20,Cambodia,1,0,1
3356,3/4/20,Canada,1,0,0
3357,3/4/20,Canada,1,0,1
3358,3/4/20,Chile,1,0,0
3359,3/4/20,Dominican Republic,1,0,0
3360,3/4/20,Faroe Islands,1,0,0
3361,3/4/20,Gibraltar,1,0,0
3362,3/4/20,Jordan,1,0,0
3363,3/4/20,Latvia,1,0,0
3364,3/4/20,Liechtenstein,1,0,0
3365,3/4/20,Lithuania,1,0,0
3366,3/4/20,Luxembourg,1,0,0
3367,3/4/20,Mainland China,1,0,1
3368,3/4/20,Monaco,1,0,0
3369,3/4/20,Morocco,1,0,0
3370,3/4/20,Nepal,1,0,1
3371,3/4/20,Nigeria,1,0,0
3372,3/4/20,North Macedonia,1,0,0
3373,3/4/20,Poland,1,0,0
3374,3/4/20,Saudi Arabia,1,0,0
3375,3/4/20,Sri Lanka,1,0,1
3376,3/4/20,Tunisia,1,0,0
3377,3/4/20,US,1,0,0
3378,3/4/20,US,1,0,0
3379,3/4/20,US,1,0,1
3380,3/4/20,US,1,0,0
3381,3/4/20,US,1,0,0
3382,3/4/20,US,1,0,1
3383,3/4/20,US,1,0,0
3384,3/4/20,US,1,0,0
3385,3/4/20,US,1,0,0
3386,3/4/20,US,1,0,0
3387,3/4/20,US,1,0,0
3388,3/4/20,US,1,0,1
3389,3/4/20,US,1,0,0
3390,3/4/20,US,1,0,0
3391,3/4/20,Ukraine,1,0,0
3392,3/4/20,Australia,0,0,0
3393,3/4/20,US,0,0,0
3394,3/4/20,US,0,0,0
3395,3/4/20,US,0,0,0